Loading rhel8/default-icl
  Loading requirement: rhel8/slurm singularity/current rhel8/global cuda/11.4
    vgl/2.5.1/64 intel-oneapi-compilers/2022.1.0/gcc/b6zld2mz ucx/1.15.0
    intel-oneapi-mpi/2021.6.0/intel/guxuvcpm
Loading cube/4.8/gcc/23p4hfhj
  Loading requirement: cubelib/4.8/gcc/d6dn6fbz libmd/1.0.4/gcc/cb4tpaqj
    libbsd/0.11.5/gcc/xsr6mhaa expat/2.4.8/gcc/xuqakzcy
    libiconv/1.16/gcc/aa2kwjch libxml2/2.9.13/gcc/fww2yzpt
    ncurses/6.2/gcc/qke6jyyt gettext/0.21/gcc/lhdl4tbr libffi/3.4.2/gcc/alfpockh
    pcre/8.45/gcc/jgwcvolz readline/8.1/gcc/bgw44yb2 gdbm/1.23/gcc/dviudcmk
    sqlite/3.38.5/gcc/xdyquaax tcl/8.6.12/gcc/gf3ofu4d
    inputproto/2.3.2/gcc/bwj4rzah kbproto/1.0.7/gcc/go5c2zyv
    libpthread-stubs/0.4/gcc/zyf6irr6 xproto/7.0.31/gcc/f5csjg7w
    libxau/1.0.8/gcc/dfmabka4 libxdmcp/1.1.2/gcc/iilv5r4i
    xcb-proto/1.14.1/gcc/ppnp4lo4 libxcb/1.14/gcc/cmzk7sor
    xextproto/7.3.0/gcc/oowjkbwu xtrans/1.3.5/gcc/zrqo6ghr
    libx11/1.7.0/gcc/pe2khlxx font-util/1.3.2/gcc/d376rdkf
    libpng/1.6.37/gcc/trvruff6 freetype/2.11.1/gcc/u4bjufog
    util-linux-uuid/2.37.4/gcc/h7hztrtm fontconfig/2.13.1/gcc/ya6ibpmq
    renderproto/0.11.1/gcc/b2jkdp6e libxrender/0.9.10/gcc/n6yxi44d
    libxft/2.3.2/gcc/zay6bixf libxext/1.3.3/gcc/p7y37pfb
    scrnsaverproto/1.2.2/gcc/fzbihsla libxscrnsaver/1.2.2/gcc/t5hd2qnu
    tk/8.6.11/gcc/vdahj5in python/3.9.12/gcc/pdcqf4o5 glib/2.72.1/gcc/ossxhd4z
    libice/1.0.9/gcc/ryauhh2f libsm/1.2.3/gcc/gc4ariqd dbus/1.12.8/gcc/uvq5cpwf
    double-conversion/3.1.5/gcc/2k4uflia pixman/0.40.0/gcc/2wv7zavv
    cairo/1.16.0/gcc/rxuyervx gobject-introspection/1.72.0/gcc/t2ffpwoo
    icu4c/67.1/gcc/4ly45zrt harfbuzz/4.2.1/gcc/6e7bjt35
    libjpeg-turbo/2.1.3/gcc/3m6u5lxl libtiff/4.3.0/gcc/zu2vruxu
    lcms/2.13.1/gcc/fg5rmple libmng/2.0.3/gcc/saz7lols
    util-macros/1.19.3/gcc/fnxpyih4 xkbdata/1.0.1/gcc/acidvg5x
    libxkbcommon/1.4.0/gcc/g2nkfpxk pcre2/10.39/gcc/inuagvoq
    xcb-util/0.4.0/gcc/mb5ul24d xcb-util-image/0.4.0/gcc/xfnuwvvw
    xcb-util-keysyms/0.4.0/gcc/crcp222j xcb-util-renderutil/0.3.9/gcc/scn774ro
    xcb-util-wm/0.4.1/gcc/kpzboqng zstd/1.5.2/gcc/xfbmozmj
    qt/5.15.4/gcc/nscjhba7
Loading scorep/8.0/intel/intel-oneapi-mpi/wsx7txgw
  Loading requirement: libiconv/1.16/intel/6u2mmycs
    libxml2/2.9.13/intel/fgfwdljc ncurses/6.2/intel/dnilgm7v
    gettext/0.21/intel/oqzwvu37 binutils/2.40/intel/raz3tohr
    cubelib/4.8/intel/udyz623t cubew/4.8/intel/5chsnzws
    opari2/2.0.6/intel/aa6v73ny otf2/3.0/intel/6ymwom5i
    papi/6.0.0.1/intel/ugkg3uzf
Changed directory to /rds/user/ld751/hpc-work/single_block/single_block_clean/RNL_single_block_clean_new_plane.

JobID: 21343962
======
Time: Tue Jan 27 10:53:49 GMT 2026
Running on master node: cpu-r-67
Current directory: /rds/user/ld751/hpc-work/single_block/single_block_clean/RNL_single_block_clean_new_plane

Nodes allocated:
================
cpu-r-67

numtasks=40, numnodes=1, mpi_tasks_per_node=40 (OMP_NUM_THREADS=1)

Executing command:
==================
scalasca -analyze mpirun -ppn=40 -np=40 ./littleharsh 

S=C=A=N: Scalasca 2.6.1 runtime summarization
S=C=A=N: ./scorep_littleharsh_40_sum experiment archive
S=C=A=N: Tue Jan 27 10:53:52 2026: Collect start
/usr/local/software/spack/spack-views/rocky8-icelake-20220710/intel-oneapi-mpi-2021.6.0/intel-2021.6.0/guxuvcpmykplbrr2e3af2yd7njqhau5e/mpi/2021.6.0//bin/mpirun -ppn=40 -np=40 ./littleharsh
MPI startup(): Warning: I_MPI_PMI_LIBRARY will be ignored since the hydra process manager was found
MPI startup(): Warning: I_MPI_PMI_LIBRARY will be ignored since the hydra process manager was found
MPI startup(): Warning: I_MPI_PMI_LIBRARY will be ignored since the hydra process manager was found
MPI startup(): Warning: I_MPI_PMI_LIBRARY will be ignored since the hydra process manager was found
MPI startup(): Warning: I_MPI_PMI_LIBRARY will be ignored since the hydra process manager was found
MPI startup(): Warning: I_MPI_PMI_LIBRARY will be ignored since the hydra process manager was found
MPI startup(): Warning: I_MPI_PMI_LIBRARY will be ignored since the hydra process manager was found
MPI startup(): Warning: I_MPI_PMI_LIBRARY will be ignored since the hydra process manager was found
MPI startup(): Warning: I_MPI_PMI_LIBRARY will be ignored since the hydra process manager was found
MPI startup(): Warning: I_MPI_PMI_LIBRARY will be ignored since the hydra process manager was found
MPI startup(): Warning: I_MPI_PMI_LIBRARY will be ignored since the hydra process manager was found
MPI startup(): Warning: I_MPI_PMI_LIBRARY will be ignored since the hydra process manager was found
MPI startup(): Warning: I_MPI_PMI_LIBRARY will be ignored since the hydra process manager was found
MPI startup(): Warning: I_MPI_PMI_LIBRARY will be ignored since the hydra process manager was found
MPI startup(): Warning: I_MPI_PMI_LIBRARY will be ignored since the hydra process manager was found
MPI startup(): Warning: I_MPI_PMI_LIBRARY will be ignored since the hydra process manager was found
MPI startup(): Warning: I_MPI_PMI_LIBRARY will be ignored since the hydra process manager was found
MPI startup(): Warning: I_MPI_PMI_LIBRARY will be ignored since the hydra process manager was found
MPI startup(): Warning: I_MPI_PMI_LIBRARY will be ignored since the hydra process manager was found
MPI startup(): Warning: I_MPI_PMI_LIBRARY will be ignored since the hydra process manager was found
MPI startup(): Warning: I_MPI_PMI_LIBRARY will be ignored since the hydra process manager was found
MPI startup(): Warning: I_MPI_PMI_LIBRARY will be ignored since the hydra process manager was found
MPI startup(): Warning: I_MPI_PMI_LIBRARY will be ignored since the hydra process manager was found
MPI startup(): Warning: I_MPI_PMI_LIBRARY will be ignored since the hydra process manager was found
MPI startup(): Warning: I_MPI_PMI_LIBRARY will be ignored since the hydra process manager was found
MPI startup(): Warning: I_MPI_PMI_LIBRARY will be ignored since the hydra process manager was found
MPI startup(): Warning: I_MPI_PMI_LIBRARY will be ignored since the hydra process manager was found
MPI startup(): Warning: I_MPI_PMI_LIBRARY will be ignored since the hydra process manager was found
MPI startup(): Warning: I_MPI_PMI_LIBRARY will be ignored since the hydra process manager was found
MPI startup(): Warning: I_MPI_PMI_LIBRARY will be ignored since the hydra process manager was found
MPI startup(): Warning: I_MPI_PMI_LIBRARY will be ignored since the hydra process manager was found
MPI startup(): Warning: I_MPI_PMI_LIBRARY will be ignored since the hydra process manager was found
MPI startup(): Warning: I_MPI_PMI_LIBRARY will be ignored since the hydra process manager was found
MPI startup(): Warning: I_MPI_PMI_LIBRARY will be ignored since the hydra process manager was found
MPI startup(): Warning: I_MPI_PMI_LIBRARY will be ignored since the hydra process manager was found
MPI startup(): Warning: I_MPI_PMI_LIBRARY will be ignored since the hydra process manager was found
MPI startup(): Warning: I_MPI_PMI_LIBRARY will be ignored since the hydra process manager was found
MPI startup(): Warning: I_MPI_PMI_LIBRARY will be ignored since the hydra process manager was found
MPI startup(): Warning: I_MPI_PMI_LIBRARY will be ignored since the hydra process manager was found
MPI startup(): Warning: I_MPI_PMI_LIBRARY will be ignored since the hydra process manager was found
 
 ---------------LITTLE HARSH---------------
          'That's a little harsh'          
                    meow                   
 ------------------------------------------
 
 nyu =         152  nyv =         151  nyp =         151
 nyu_LB =           0  nyp_LB =           1
 Nspec_x =         128  Ngal_x =         192
 Nspec_z =         128  Ngal_z =         192
 N:
           0         128         128         128          -2
           0         128         128         128           0
           0           0           0         151           0
           0           0           0         152           0
 reading parameters for numerical method
 reading surface geometry
 dthdyu(0) smooth   1204.29184034297     
 >>> entered proc_lims_columns, myid =           1
 >>> entered proc_lims_columns, myid =           2
 >>> entered proc_lims_columns, myid =           0
 >>> entered proc_lims_columns, myid =           3
 >>> entered proc_lims_columns, myid =           4
 >>> entered proc_lims_columns, myid =           5
 >>> entered proc_lims_columns, myid =           6
 >>> entered proc_lims_columns, myid =           7
 >>> entered proc_lims_columns, myid =           8
 >>> entered proc_lims_columns, myid =           9
 >>> entered proc_lims_columns, myid =          10
 >>> entered proc_lims_columns, myid =          11
 >>> entered proc_lims_columns, myid =          12
 >>> entered proc_lims_columns, myid =          13
 >>> entered proc_lims_columns, myid =          14
 >>> entered proc_lims_columns, myid =          15
 >>> entered proc_lims_columns, myid =          16
 >>> entered proc_lims_columns, myid =          17
 >>> entered proc_lims_columns, myid =          18
 >>> entered proc_lims_columns, myid =          19
 >>> entered proc_lims_columns, myid =          20
 >>> entered proc_lims_columns, myid =          21
 >>> entered proc_lims_columns, myid =          22
 >>> entered proc_lims_columns, myid =          23
 >>> entered proc_lims_columns, myid =          24
 >>> entered proc_lims_columns, myid =          25
 >>> entered proc_lims_columns, myid =          26
 >>> entered proc_lims_columns, myid =          27
 >>> entered proc_lims_columns, myid =          28
 >>> entered proc_lims_columns, myid =          29
 >>> entered proc_lims_columns, myid =          30
 >>> entered proc_lims_columns, myid =          31
 >>> entered proc_lims_columns, myid =          32
 >>> entered proc_lims_columns, myid =          33
 >>> entered proc_lims_columns, myid =          34
 >>> entered proc_lims_columns, myid =          35
 >>> entered proc_lims_columns, myid =          36
 >>> entered proc_lims_columns, myid =          37
 >>> entered proc_lims_columns, myid =          38
 >>> entered proc_lims_columns, myid =          39
 Getting Weights
 ./3e-9/                                                                        
                                          
 
 j=           1 weight              30027508
 j=           2 weight              30027508
 j=           3 weight              30027508
 j=           4 weight              30027508
 j=           5 weight              30027508
 j=           6 weight              33283485
 j=           7 weight              38215811
 j=           8 weight              48275597
 j=           9 weight              59266016
 j=          10 weight              68919502
 j=          11 weight              78741805
 j=          12 weight              89272046
 j=          13 weight             100956150
 j=          14 weight             113548155
 j=          15 weight             117568706
 j=          16 weight             124053085
 j=          17 weight             133197378
 j=          18 weight             142395584
 j=          19 weight             151342045
 j=          20 weight             152025435
 j=          21 weight             152229628
 j=          22 weight             155351183
 j=          23 weight             160174549
 j=          24 weight             165243294
 j=          25 weight             171343826
 j=          26 weight             176197244
 j=          27 weight             173036014
 j=          28 weight             169611377
 j=          29 weight             167628535
 j=          30 weight             166306314
 j=          31 weight             167371874
 j=          32 weight             169246398
 j=          33 weight             172684218
 j=          34 weight             173652670
 j=          35 weight             170129689
 j=          36 weight             166317096
 j=          37 weight             162221478
 j=          38 weight             158128240
 j=          39 weight             154617130
 j=          40 weight             151207619
 j=          41 weight             147425554
 j=          42 weight             144756990
 j=          43 weight             142315480
 j=          44 weight             141144288
 j=          45 weight             138722926
 j=          46 weight             136172282
 j=          47 weight             133233682
 j=          48 weight             130218613
 j=          49 weight             126682591
 j=          50 weight             123278423
 j=          51 weight             119643404
 j=          52 weight             115909707
 j=          53 weight             112868256
 j=          54 weight             109328347
 j=          55 weight             106222136
 j=          56 weight             103470368
 j=          57 weight             100986254
 j=          58 weight              98067245
 j=          59 weight              95900779
 j=          60 weight              94052637
 j=          61 weight              92053163
 j=          62 weight              89499724
 j=          63 weight              87199904
 j=          64 weight              84770808
 j=          65 weight              82218449
 j=          66 weight              79959173
 j=          67 weight              77372170
 j=          68 weight              75036688
 j=          69 weight              72657871
 j=          70 weight              70277945
 j=          71 weight              67676075
 j=          72 weight              64404138
 j=          73 weight              61715158
 j=          74 weight              60675098
 j=          75 weight              60675098
 j=          76 weight              60675098
 j=          77 weight              60675098
 j=          78 weight              60675098
 j=          79 weight              61715158
 j=          80 weight              64404138
 j=          81 weight              67676075
 j=          82 weight              70277945
 j=          83 weight              72657871
 j=          84 weight              75036688
 j=          85 weight              77372170
 j=          86 weight              79959173
 j=          87 weight              82218449
 j=          88 weight              84770808
 j=          89 weight              87199904
 j=          90 weight              89499724
 j=          91 weight              92053163
 j=          92 weight              94052637
 j=          93 weight              95900779
 j=          94 weight              98067245
 j=          95 weight             100986254
 j=          96 weight             103470368
 j=          97 weight             106222136
 j=          98 weight             109328347
 j=          99 weight             112868256
 j=         100 weight             115909707
 j=         101 weight             119643404
 j=         102 weight             123278423
 j=         103 weight             126682591
 j=         104 weight             130218613
 j=         105 weight             133233682
 j=         106 weight             136172282
 j=         107 weight             138722926
 j=         108 weight             141144288
 j=         109 weight             142315480
 j=         110 weight             144756990
 j=         111 weight             147425554
 j=         112 weight             151207619
 j=         113 weight             154617130
 j=         114 weight             158128240
 j=         115 weight             162221478
 j=         116 weight             166317096
 j=         117 weight             170129689
 j=         118 weight             173652670
 j=         119 weight             172684218
 j=         120 weight             169246398
 j=         121 weight             167371874
 j=         122 weight             166306314
 j=         123 weight             167628535
 j=         124 weight             169611377
 j=         125 weight             173036014
 j=         126 weight             176197244
 j=         127 weight             171343826
 j=         128 weight             165243294
 j=         129 weight             160174549
 j=         130 weight             155351183
 j=         131 weight             152229628
 j=         132 weight             152025435
 j=         133 weight             151342045
 j=         134 weight             142395584
 j=         135 weight             133197378
 j=         136 weight             124053085
 j=         137 weight             117568706
 j=         138 weight             113548155
 j=         139 weight             100956150
 j=         140 weight              89272046
 j=         141 weight              78741805
 j=         142 weight              68919502
 j=         143 weight              59266016
 j=         144 weight              48275597
 j=         145 weight              38215811
 j=         146 weight              33283485
 j=         147 weight              30027508
 j=         148 weight              30027508
 j=         149 weight              30027508
 j=         150 weight              30027508
 j=         151 weight              30027508
 check 4
 weight_tot           16961651378 ideal_load             424041284
 iproc           0 nplanes          11 proc_load   476839756.000000     
 iproc           1 nplanes           5 proc_load   545398142.000000     
 iproc           2 nplanes           3 proc_load   426935007.000000     
 iproc           3 nplanes           3 proc_load   459606246.000000     
 iproc           4 nplanes           3 proc_load   496761669.000000     
 iproc           5 nplanes           3 proc_load   518844635.000000     
 iproc           6 nplanes           3 proc_load   501306723.000000     
 iproc           7 nplanes           3 proc_load   515583286.000000     
 iproc           8 nplanes           3 proc_load   498668263.000000     
 iproc           9 nplanes           3 proc_load   463952989.000000     
 iproc          10 nplanes           3 proc_load   434498024.000000     
 iproc          11 nplanes           4 proc_load   549273178.000000     
 iproc          12 nplanes           4 proc_load   499823031.000000     
 iproc          13 nplanes           4 proc_load   444328446.000000     
 iproc          14 nplanes           5 proc_load   492477283.000000     
 iproc          15 nplanes           5 proc_load   435742048.000000     
 iproc          16 nplanes           6 proc_load   442979922.000000     
 iproc          17 nplanes           7 proc_load   429494786.000000     
 iproc          18 nplanes           7 proc_load   489140045.000000     
 iproc          19 nplanes           6 proc_load   515701221.000000     
 iproc          20 nplanes           5 proc_load   492477283.000000     
 iproc          21 nplanes           4 proc_load   444328446.000000     
 iproc          22 nplanes           4 proc_load   499823031.000000     
 iproc          23 nplanes           4 proc_load   549273178.000000     
 iproc          24 nplanes           3 proc_load   434498024.000000     
 iproc          25 nplanes           3 proc_load   463952989.000000     
 iproc          26 nplanes           3 proc_load   498668263.000000     
 iproc          27 nplanes           3 proc_load   515583286.000000     
 iproc          28 nplanes           3 proc_load   501306723.000000     
 iproc          29 nplanes           3 proc_load   518844635.000000     
 iproc          30 nplanes           3 proc_load   496761669.000000     
 iproc          31 nplanes           3 proc_load   459606246.000000     
 iproc          32 nplanes           2 proc_load   293737629.000000     
 iproc          33 nplanes           3 proc_load   374819169.000000     
 iproc          34 nplanes           7 proc_load   558979271.000000     
 iproc          35 nplanes           3 proc_load   101526804.000000     
 iproc          36 nplanes           1 proc_load   30027508.0000000     
 iproc          37 nplanes           1 proc_load   30027508.0000000     
 iproc          38 nplanes           1 proc_load   30027508.0000000     
 iproc          39 nplanes           2 proc_load   30027508.0000000     
 myid          39 u         151         152
 myid          39 v         151         151
 myid          39 p         151         151
 Reading in nonlinear interaction list
 ./3e-9/                                                                        
                                          
 
 t=   58.0720447832163      =====> Finished Start
 t=   58.0753456787793      =====> Calling getini 
 Launching...
 starting from multi-block, flat channel?
 start file: ./input/u1_0128x0128x0153_t09455.dat
  Calling read in
  Calling read in
  Calling read in
  Calling read in
  Calling read in
  Calling read in
  Calling read in
  Calling read in
  Calling read in
  Calling read in
  Calling read in
  Calling read in
  Calling read in
  Calling read in
  Calling read in
  Calling read in
  Calling read in
  Calling read in
  Calling read in
  Calling read in
  Calling read in
  Calling read in
  Calling read in
  Calling read in
  Calling read in
  Calling read in
  Calling read in
  Calling read in
  Calling read in
  Calling read in
  Calling read in
  Calling read in
  Calling read in
  Calling read in
  Calling read in
  Calling read in
  Calling read in
  Calling read in
  Calling read in
  Calling read in
 Re_old,Re   3250.00000000000        3250.00000000000     
 N2
           0         128         128         128          -2
           0         128         128         128           0
           0          29         122         151           0
           0          30         122         152           0
 getting
 u1 from file ./input//u1_0128x0128x0153_t09455.dat,
 u2 from file ./input//u2_0128x0128x0153_t09455.dat,
 u3 from file ./input//u3_0128x0128x0153_t09455.dat,
 and p from file ./input//p_0128x0128x0153_t09455.dat,
 
 Lx       6.28318530717959     
 Ly       2.00000000000000     
 Lz       3.14159265358979     
 Nx             128
 Nz             128
 Nyv            151
 Nyu            152
 Ngalx          192
 Ngalz          192
 
 dymin   1.225435224106675E-003
 dymax   1.614068685092982E-002
 
 Re    3250.00000000000     
 t    0.000000000000000E+000
 finished getini           0
 finished getini           1
 finished getini           2
 finished getini           3
 finished getini           4
 finished getini           5
 finished getini           6
 finished getini           7
 finished getini           8
 finished getini           9
 finished getini          10
 finished getini          11
 finished getini          12
 finished getini          13
 finished getini          14
 finished getini          15
 
 Initialised
 finished getini          16
 finished getini          17
 finished getini          18
 finished getini          19
 finished getini          20
 finished getini          21
 finished getini          22
 finished getini          23
 finished getini          24
 finished getini          25
 finished getini          26
 finished getini          27
 finished getini          28
 finished getini          29
 finished getini          30
 finished getini          31
 finished getini          32
 finished getini          33
 finished getini          34
 finished getini          35
 finished getini          36
 finished getini          37
 finished getini          38
 finished getini          39
 t=   58.7089833459347      =====> Interpolating
 t=   58.7196493822914      =====> Modes to planes
 t=   58.7571001539878      =====> Spectra
 t=   58.7571090059839      =====> Record Out
 N:
           0         128         128         128          -2
           0         128         128         128           0
           0           0           0         151           0
           0           0           0         152           0
 
 iter           0
 t     0.000000000000000E+000
 dtv   2.089558705412383E-003
 dtc   0.000000000000000E+000
 dt    0.000000000000000E+000
 err   6.736447455048117E-017
 Qx     1.75230615942311     
 mpgx -3.067500000000000E-003
 Umax   1.01423825947899     
 Uslp -1.058242342586234E-015
 t=   59.2988898411279      =====> Ops in Planes
 t=   91.8498106865783      =====> Planes to modes UVP
 t=   99.8808647653807      =====> Planes to modes NUVP
 t=   99.8931552280302      =====> Derivatives
 t=   99.8942621645483      =====> CFL and Stats
 solving u
 solving w
 solving v
 t=   100.572839284140      =====> Interpolating
 t=   100.581511957365      =====> Modes to planes
 t=   100.600774235979      =====> Spectra
 t=   100.600781608976      =====> Record Out
 t=   100.600782921975      =====> Ops in Planes
 t=   133.145964769924      =====> Planes to modes UVP
 t=   141.190268832958      =====> Planes to modes NUVP
 t=   141.199781657817      =====> Derivatives
 t=   141.200902566329      =====> CFL and Stats
 solving u
 solving w
 solving v
 t=   141.213062617035      =====> Interpolating
 t=   141.221752351252      =====> Modes to planes
 t=   141.239624208472      =====> Spectra
 t=   141.239631902469      =====> Record Out
 t=   141.239633213468      =====> Ops in Planes
 t=   173.790231103059      =====> Planes to modes UVP
 t=   181.835748425565      =====> Planes to modes NUVP
 t=   181.844022325963      =====> Derivatives
 t=   181.845043283519      =====> CFL and Stats
 solving u
 solving w
 solving v
 t=   181.857047289293      =====> Interpolating
 t=   181.866229151296      =====> Modes to planes
 t=   181.881159960796      =====> Spectra
 t=   181.881169767792      =====> Record Out
 t=   181.881171075791      =====> Ops in Planes
 t=   214.421142095009      =====> Planes to modes UVP
 t=   222.451561696087      =====> Planes to modes NUVP
 t=   222.459936143442      =====> Derivatives
 t=   222.460964987994      =====> CFL and Stats
 solving u
 solving w
 solving v
 t=   222.476689665148      =====> Interpolating
 t=   222.485869777152      =====> Modes to planes
 t=   222.498407334694      =====> Spectra
 t=   222.498412935691      =====> Record Out
 t=   222.498414254691      =====> Ops in Planes
 t=   254.987238912174      =====> Planes to modes UVP
 t=   262.937459909166      =====> Planes to modes NUVP
 t=   262.943892644365      =====> Derivatives
 t=   262.944925642915      =====> CFL and Stats
 solving u
 solving w
 solving v
 t=   262.957163586588      =====> Interpolating
 t=   262.965820934819      =====> Modes to planes
 t=   262.978280133395      =====> Spectra
 t=   262.978287661392      =====> Record Out
 t=   262.978289042391      =====> Ops in Planes
 t=   295.388539896080      =====> Planes to modes UVP
 t=   303.344202691703      =====> Planes to modes NUVP
 t=   303.351032664730      =====> Derivatives
 t=   303.352069971278      =====> CFL and Stats
 solving u
 solving w
 solving v
 t=   303.364078926050      =====> Interpolating
 t=   303.373260208053      =====> Modes to planes
 t=   303.385199870856      =====> Spectra
 t=   303.385207394852      =====> Record Out
 t=   303.385208702852      =====> Ops in Planes
 t=   335.784808629177      =====> Planes to modes UVP
 t=   343.739294407313      =====> Planes to modes NUVP
 t=   343.745866344452      =====> Derivatives
 t=   343.746894853004      =====> CFL and Stats
 solving u
 solving w
 solving v
 t=   343.762447053234      =====> Interpolating
 t=   343.771673041217      =====> Modes to planes
 t=   343.783866150909      =====> Spectra
 t=   343.783875932905      =====> Record Out
 t=   343.783877533904      =====> Ops in Planes
 t=   376.190059145365      =====> Planes to modes UVP
 t=   384.161436902146      =====> Planes to modes NUVP
 t=   384.167727084408      =====> Derivatives
 t=   384.168763731957      =====> CFL and Stats
 solving u
 solving w
 solving v
 t=   384.180881222681      =====> Interpolating
 t=   384.189992828715      =====> Modes to planes
 t=   384.202160494418      =====> Spectra
 t=   384.202166857415      =====> Record Out
 t=   384.202168273414      =====> Ops in Planes
 t=   416.608678554732      =====> Planes to modes UVP
 t=   424.556815183631      =====> Planes to modes NUVP
 t=   424.563413098759      =====> Derivatives
 t=   424.564446615309      =====> CFL and Stats
 solving u
 solving w
 solving v
 t=   424.576128005223      =====> Interpolating
 t=   424.585472865155      =====> Modes to planes
 t=   424.597769658802      =====> Spectra
 t=   424.597776970799      =====> Record Out
 t=   424.597778373798      =====> Ops in Planes
 t=   456.998314830716      =====> Planes to modes UVP
 t=   464.956713676148      =====> Planes to modes NUVP
 t=   464.963081890376      =====> Derivatives
 t=   464.964113217927      =====> CFL and Stats
 solving u
 solving w
 solving v
 t=   464.979400301272      =====> Interpolating
 t=   464.988663604239      =====> Modes to planes
 t=   465.000500989086      =====> Spectra
 t=   465.000507977083      =====> Record Out
 t=   465.000509565082      =====> Ops in Planes
 t=   497.395706235325      =====> Planes to modes UVP
 t=   505.379565320673      =====> Planes to modes NUVP
 t=   505.386184568791      =====> Derivatives
 t=   505.387217910341      =====> CFL and Stats
 solving u
 solving w
 solving v
 t=   505.398665887358      =====> Interpolating
 t=   505.407389397560      =====> Modes to planes
 t=   505.420061968043      =====> Spectra
 t=   505.420068242041      =====> Record Out
 t=   505.420069414040      =====> Ops in Planes
 t=   537.825584692790      =====> Planes to modes UVP
 t=   545.788558592231      =====> Planes to modes NUVP
 t=   545.794883192477      =====> Derivatives
 t=   545.795910831030      =====> CFL and Stats
 solving u
 solving w
 solving v
 t=   545.807970018780      =====> Interpolating
 t=   545.817083213813      =====> Modes to planes
 t=   545.828832864698      =====> Spectra
 t=   545.828840101695      =====> Record Out
 t=   545.828841407694      =====> Ops in Planes
 t=   578.250653092350      =====> Planes to modes UVP
 t=   586.189828896151      =====> Planes to modes NUVP
 t=   586.196130421407      =====> Derivatives
 t=   586.197164390957      =====> CFL and Stats
 solving u
 solving w
 solving v
 t=   586.213398257890      =====> Interpolating
 t=   586.222106900099      =====> Modes to planes
 t=   586.234355027767      =====> Spectra
 t=   586.234359983765      =====> Record Out
 t=   586.234361132764      =====> Ops in Planes
 t=   618.627254104009      =====> Planes to modes UVP
 t=   626.587895686465      =====> Planes to modes NUVP
 t=   626.594458247608      =====> Derivatives
 t=   626.595495559156      =====> CFL and Stats
 solving u
 solving w
 solving v
 t=   626.607473382942      =====> Interpolating
 t=   626.616666121940      =====> Modes to planes
 t=   626.628759041676      =====> Spectra
 t=   626.628767379672      =====> Record Out
 t=   626.628769072671      =====> Ops in Planes
 t=   659.063929251516      =====> Planes to modes UVP
 t=   666.991440070395      =====> Planes to modes NUVP
 t=   666.997947895562      =====> Derivatives
 t=   666.998971403116      =====> CFL and Stats
 solving u
 solving w
 solving v
 t=   667.010555187073      =====> Interpolating
 t=   667.019765976064      =====> Modes to planes
 t=   667.031803067823      =====> Spectra
 t=   667.031809738820      =====> Record Out
 t=   667.031811073820      =====> Ops in Planes
 t=   699.433852283083      =====> Planes to modes UVP
 t=   707.395941379908      =====> Planes to modes NUVP
 t=   707.402222601174      =====> Derivatives
 t=   707.403250980726      =====> CFL and Stats
 solving u
 solving w
 solving v
 t=   707.418925269902      =====> Interpolating
 t=   707.428116252901      =====> Modes to planes
 t=   707.439846654795      =====> Spectra
 t=   707.439853533792      =====> Record Out
 t=   707.439854850791      =====> Ops in Planes
 t=   739.838674456456      =====> Planes to modes UVP
 t=   747.811801382477      =====> Planes to modes NUVP
 t=   747.818358270622      =====> Derivatives
 t=   747.819398718169      =====> CFL and Stats
 solving u
 solving w
 solving v
 t=   747.831442228926      =====> Interpolating
 t=   747.840103029156      =====> Modes to planes
 t=   747.852129510920      =====> Spectra
 t=   747.852136920917      =====> Record Out
 t=   747.852138227916      =====> Ops in Planes
 t=   780.262220004679      =====> Planes to modes UVP
 t=   788.211496602082      =====> Planes to modes NUVP
 t=   788.217993249254      =====> Derivatives
 t=   788.219013976809      =====> CFL and Stats
 solving u
 solving w
 solving v
 t=   788.231014848585      =====> Interpolating
 t=   788.240196625588      =====> Modes to planes
 t=   788.252386660281      =====> Spectra
 t=   788.252392269279      =====> Record Out
 t=   788.252393533278      =====> Ops in Planes
 t=   820.728964938095      =====> Planes to modes UVP
 t=   828.638010447013      =====> Planes to modes NUVP
 t=   828.644347921254      =====> Derivatives
 t=   828.645387888801      =====> CFL and Stats
 solving u
 solving w
 solving v
 t=   828.661086247967      =====> Interpolating
 t=   828.670285663962      =====> Modes to planes
 t=   828.682031908848      =====> Spectra
 t=   828.682038198846      =====> Record Out
 t=   828.682039463845      =====> Ops in Planes
 t=   861.083745219254      =====> Planes to modes UVP
 t=   869.046665991717      =====> Planes to modes NUVP
 t=   869.052963788976      =====> Derivatives
 t=   869.053992453528      =====> CFL and Stats
 solving u
 solving w
 solving v
 t=   869.066036526285      =====> Interpolating
 t=   869.075253995272      =====> Modes to planes
 t=   869.086935646187      =====> Spectra
 t=   869.086943467183      =====> Record Out
 t=   869.086944796183      =====> Ops in Planes
 t=   901.491887866182      =====> Planes to modes UVP
 t=   909.452337499721      =====> Planes to modes NUVP
 t=   909.458866918879      =====> Derivatives
 t=   909.459895212431      =====> CFL and Stats
 solving u
 solving w
 solving v
 t=   909.471887778210      =====> Interpolating
 t=   909.481098201201      =====> Modes to planes
 t=   909.492877109073      =====> Spectra
 t=   909.492884623070      =====> Record Out
 t=   909.492885868069      =====> Ops in Planes
 t=   941.889021213903      =====> Planes to modes UVP
 t=   949.832213139955      =====> Planes to modes NUVP
 t=   949.838763718103      =====> Derivatives
 t=   949.839797500653      =====> CFL and Stats
 solving u
 solving w
 solving v
 t=   949.855354885881      =====> Interpolating
 t=   949.864426547931      =====> Modes to planes
 t=   949.876128034837      =====> Spectra
 t=   949.876134094835      =====> Record Out
 t=   949.876135500834      =====> Ops in Planes
 t=   982.279432008550      =====> Planes to modes UVP
 t=   990.237624360072      =====> Planes to modes NUVP
 t=   990.244113846247      =====> Derivatives
 t=   990.245147612797      =====> CFL and Stats
 solving u
 solving w
 solving v
 t=   990.257372205475      =====> Interpolating
 t=   990.266052017697      =====> Modes to planes
 t=   990.278086486457      =====> Spectra
 t=   990.278093286454      =====> Record Out
 t=   990.278094490454      =====> Ops in Planes
 t=   1022.67334179167      =====> Planes to modes UVP
 t=   1030.64199226264      =====> Planes to modes NUVP
 t=   1030.64820799294      =====> Derivatives
 t=   1030.64924766248      =====> CFL and Stats
 solving u
 solving w
 solving v
 t=   1030.66130615724      =====> Interpolating
 t=   1030.67051313323      =====> Modes to planes
 t=   1030.68245576103      =====> Spectra
 t=   1030.68246236803      =====> Record Out
 t=   1030.68246370202      =====> Ops in Planes
 t=   1063.27041472135      =====> Planes to modes UVP
 t=   1071.24006317489      =====> Planes to modes NUVP
 t=   1071.24633399816      =====> Derivatives
 t=   1071.24745727267      =====> CFL and Stats
 solving u
 solving w
 solving v
 t=   1071.26317277483      =====> Interpolating
 t=   1071.27234536084      =====> Modes to planes
 t=   1071.28426853264      =====> Spectra
 t=   1071.28427554664      =====> Record Out
 t=   1071.28427690964      =====> Ops in Planes
 t=   1104.47813324220      =====> Planes to modes UVP
 t=   1111.80736037753      =====> Planes to modes NUVP
 t=   1111.81351442985      =====> Derivatives
 t=   1111.81455784740      =====> CFL and Stats
 solving u
 solving w
 solving v
 t=   1111.82612243236      =====> Interpolating
 t=   1111.83493885353      =====> Modes to planes
 t=   1111.84649593049      =====> Spectra
 t=   1111.84650375249      =====> Record Out
 t=   1111.84650501549      =====> Ops in Planes
 t=   1144.27656834555      =====> Planes to modes UVP
 t=   1152.20612428854      =====> Planes to modes NUVP
 t=   1152.21275282366      =====> Derivatives
 t=   1152.21377809221      =====> CFL and Stats
 solving u
 solving w
 solving v
 t=   1152.22571980601      =====> Interpolating
 t=   1152.23441029523      =====> Modes to planes
 t=   1152.24640240201      =====> Spectra
 t=   1152.24641034800      =====> Record Out
 t=   1152.24641163000      =====> Ops in Planes
 t=   1184.67190608806      =====> Planes to modes UVP
 t=   1192.60281737146      =====> Planes to modes NUVP
 t=   1192.60929993663      =====> Derivatives
 t=   1192.61035518517      =====> CFL and Stats
 solving u
 solving w
 solving v
 t=   1192.62608710032      =====> Interpolating
 t=   1192.63526948733      =====> Modes to planes
 t=   1192.64713097016      =====> Spectra
 t=   1192.64713767816      =====> Record Out
 t=   1192.64713898516      =====> Ops in Planes
 t=   1225.07848054167      =====> Planes to modes UVP
 t=   1233.01673125487      =====> Planes to modes NUVP
 t=   1233.02294278217      =====> Derivatives
 t=   1233.02397849472      =====> CFL and Stats
 solving u
 solving w
 solving v
 t=   1233.03556874467      =====> Interpolating
 t=   1233.04484415163      =====> Modes to planes
 t=   1233.05658959352      =====> Spectra
 t=   1233.05659636352      =====> Record Out
 t=   1233.05659768652      =====> Ops in Planes
 t=   1265.45595206795      =====> Planes to modes UVP
 t=   1273.40157792094      =====> Planes to modes NUVP
 t=   1273.40778326224      =====> Derivatives
 t=   1273.40881360579      =====> CFL and Stats
 solving u
 solving w
 solving v
 t=   1273.42040705774      =====> Interpolating
 t=   1273.42965147572      =====> Modes to planes
 t=   1273.44151362655      =====> Spectra
 t=   1273.44152016755      =====> Record Out
 t=   1273.44152148755      =====> Ops in Planes
 t=   1305.85981213774      =====> Planes to modes UVP
 t=   1313.79604100382      =====> Planes to modes NUVP
 t=   1313.80252194600      =====> Derivatives
 t=   1313.80355683155      =====> CFL and Stats
 solving u
 solving w
 solving v
 t=   1313.81915033176      =====> Interpolating
 t=   1313.82833395877      =====> Modes to planes
 t=   1313.84011778164      =====> Spectra
 t=   1313.84012481863      =====> Record Out
 t=   1313.84012622463      =====> Ops in Planes
 t=   1346.25303911816      =====> Planes to modes UVP
 t=   1354.22335110341      =====> Planes to modes NUVP
 t=   1354.22991486355      =====> Derivatives
 t=   1354.23094941410      =====> CFL and Stats
 solving u
 solving w
 solving v
 t=   1354.24307717582      =====> Interpolating
 t=   1354.25177101704      =====> Modes to planes
 t=   1354.26334149200      =====> Spectra
 t=   1354.26334832800      =====> Record Out
 t=   1354.26334970099      =====> Ops in Planes
 t=   1386.66064131333      =====> Planes to modes UVP
 t=   1394.61447219975      =====> Planes to modes NUVP
 t=   1394.62065800905      =====> Derivatives
 t=   1394.62177272257      =====> CFL and Stats
 solving u
 solving w
 solving v
 t=   1394.63386900530      =====> Interpolating
 t=   1394.64259054150      =====> Modes to planes
 t=   1394.65485756616      =====> Spectra
 t=   1394.65486426716      =====> Record Out
 t=   1394.65486575016      =====> Ops in Planes
 t=   1427.07568070225      =====> Planes to modes UVP
 t=   1435.03689405746      =====> Planes to modes NUVP
 t=   1435.04318785672      =====> Derivatives
 t=   1435.04421451327      =====> CFL and Stats
 solving u
 solving w
 solving v
 t=   1435.05992092143      =====> Interpolating
 t=   1435.06912577443      =====> Modes to planes
 t=   1435.08071911638      =====> Spectra
 t=   1435.08072922937      =====> Record Out
 t=   1435.08073052837      =====> Ops in Planes
 t=   1467.47788335376      =====> Planes to modes UVP
 t=   1475.43321009053      =====> Planes to modes NUVP
 t=   1475.43948414680      =====> Derivatives
 t=   1475.44051102736      =====> CFL and Stats
 solving u
 solving w
 solving v
 t=   1475.45253522612      =====> Interpolating
 t=   1475.46173116512      =====> Modes to planes
 t=   1475.47358706896      =====> Spectra
 t=   1475.47359400595      =====> Record Out
 t=   1475.47359535795      =====> Ops in Planes
 t=   1507.86979049976      =====> Planes to modes UVP
 t=   1515.85712297460      =====> Planes to modes NUVP
 t=   1515.86364273976      =====> Derivatives
 t=   1515.86473803828      =====> CFL and Stats
 solving u
 solving w
 solving v
 t=   1515.87719782986      =====> Interpolating
 t=   1515.88677208669      =====> Modes to planes
 t=   1515.89919939428      =====> Spectra
 t=   1515.89920558528      =====> Record Out
 t=   1515.89920687828      =====> Ops in Planes
 t=   1548.66430688949      =====> Planes to modes UVP
 t=   1556.27577232795      =====> Planes to modes NUVP
 t=   1556.28188810729      =====> Derivatives
 t=   1556.28292542584      =====> CFL and Stats
 solving u
 solving w
 solving v
 t=   1556.29867679498      =====> Interpolating
 t=   1556.30787807197      =====> Modes to planes
 t=   1556.31949125792      =====> Spectra
 t=   1556.31949689592      =====> Record Out
 t=   1556.31949812492      =====> Ops in Planes
 t=   1588.72624561913      =====> Planes to modes UVP
 t=   1596.68234868256      =====> Planes to modes NUVP
 t=   1596.68888734871      =====> Derivatives
 t=   1596.68992119826      =====> CFL and Stats
 solving u
 solving w
 solving v
 t=   1596.70192052004      =====> Interpolating
 t=   1596.71109337305      =====> Modes to planes
 t=   1596.72295620888      =====> Spectra
 t=   1596.72296242588      =====> Record Out
 t=   1596.72296374188      =====> Ops in Planes
 t=   1629.13227771598      =====> Planes to modes UVP
 t=   1637.08962699187      =====> Planes to modes NUVP
 t=   1637.09613452603      =====> Derivatives
 t=   1637.09716720058      =====> CFL and Stats
 solving u
 solving w
 solving v
 t=   1637.10919180935      =====> Interpolating
 t=   1637.11791064255      =====> Modes to planes
 t=   1637.12961520446      =====> Spectra
 t=   1637.12962133745      =====> Record Out
 t=   1637.12962278545      =====> Ops in Planes
 t=   1669.64838436090      =====> Planes to modes UVP
 t=   1677.52061544385      =====> Planes to modes NUVP
 t=   1677.52676393317      =====> Derivatives
 t=   1677.52779261272      =====> CFL and Stats
 solving u
 solving w
 solving v
 t=   1677.54369877280      =====> Interpolating
 t=   1677.55280235884      =====> Modes to planes
 t=   1677.56426917084      =====> Spectra
 t=   1677.56427536884      =====> Record Out
 t=   1677.56427676684      =====> Ops in Planes
 t=   1709.96726195969      =====> Planes to modes UVP
 t=   1717.92276690138      =====> Planes to modes NUVP
 t=   1717.92888132072      =====> Derivatives
 t=   1717.92990462128      =====> CFL and Stats
 solving u
 solving w
 solving v
 t=   1717.94185915207      =====> Interpolating
 t=   1717.95111569404      =====> Modes to planes
 t=   1717.96294234989      =====> Spectra
 t=   1717.96294860589      =====> Record Out
 t=   1717.96294987589      =====> Ops in Planes
 t=   1750.36854598561      =====> Planes to modes UVP
 t=   1758.32922877804      =====> Planes to modes NUVP
 t=   1758.33563251226      =====> Derivatives
 t=   1758.33664960381      =====> CFL and Stats
 solving u
 solving w
 solving v
 t=   1758.34863550360      =====> Interpolating
 t=   1758.35782855259      =====> Modes to planes
 t=   1758.36959611547      =====> Spectra
 t=   1758.36960407847      =====> Record Out
 t=   1758.36960534047      =====> Ops in Planes
 t=   1790.78356216954      =====> Planes to modes UVP
 t=   1798.73918046318      =====> Planes to modes NUVP
 t=   1798.74544176346      =====> Derivatives
 t=   1798.74645869002      =====> CFL and Stats
 solving u
 solving w
 solving v
 t=   1798.76222458115      =====> Interpolating
 t=   1798.77139856516      =====> Modes to planes
 t=   1798.78322212201      =====> Spectra
 t=   1798.78322835101      =====> Record Out
 t=   1798.78322975701      =====> Ops in Planes
 t=   1831.18099959013      =====> Planes to modes UVP
 t=   1839.13544015029      =====> Planes to modes NUVP
 t=   1839.14176678853      =====> Derivatives
 t=   1839.14278252209      =====> CFL and Stats
 solving u
 solving w
 solving v
 t=   1839.15485966083      =====> Interpolating
 t=   1839.16399276786      =====> Modes to planes
 t=   1839.17556535282      =====> Spectra
 t=   1839.17557172781      =====> Record Out
 t=   1839.17557306881      =====> Ops in Planes
 t=   1871.58158927935      =====> Planes to modes UVP
 t=   1879.53299942882      =====> Planes to modes NUVP
 t=   1879.53964446593      =====> Derivatives
 t=   1879.54067012248      =====> CFL and Stats
 solving u
 solving w
 solving v
 t=   1879.55269028225      =====> Interpolating
 t=   1879.56150825341      =====> Modes to planes
 t=   1879.57325167830      =====> Spectra
 t=   1879.57325855229      =====> Record Out
 t=   1879.57325982729      =====> Ops in Planes
 t=   1912.02141120748      =====> Planes to modes UVP
 t=   1920.00968273591      =====> Planes to modes NUVP
 t=   1920.01577242226      =====> Derivatives
 t=   1920.01680071781      =====> CFL and Stats
 solving u
 solving w
 solving v
 t=   1920.03271146289      =====> Interpolating
 t=   1920.04184428191      =====> Modes to planes
 t=   1920.05366008777      =====> Spectra
 t=   1920.05366700276      =====> Record Out
 t=   1920.05366858876      =====> Ops in Planes
 t=   1952.46217591021      =====> Planes to modes UVP
 t=   1960.42561092045      =====> Planes to modes NUVP
 t=   1960.43181103775      =====> Derivatives
 t=   1960.43282892831      =====> CFL and Stats
 solving u
 solving w
 solving v
 t=   1960.44487036107      =====> Interpolating
 t=   1960.45408748605      =====> Modes to planes
 t=   1960.46590513191      =====> Spectra
 t=   1960.46591225891      =====> Record Out
 t=   1960.46591365790      =====> Ops in Planes
 t=   1992.96728380293      =====> Planes to modes UVP
 t=   2000.84861773591      =====> Planes to modes NUVP
 t=   2000.85512756607      =====> Derivatives
 t=   2000.85617382062      =====> CFL and Stats
 solving u
 solving w
 solving v
 t=   2000.86813720841      =====> Interpolating
 t=   2000.87734142940      =====> Modes to planes
 t=   2000.88914061227      =====> Spectra
 t=   2000.88914628726      =====> Record Out
 t=   2000.88914770926      =====> Ops in Planes
 t=   2033.54712106111      =====> Planes to modes UVP
 t=   2041.34695785757      =====> Planes to modes NUVP
 t=   2041.35314828687      =====> Derivatives
 t=   2041.35417198243      =====> CFL and Stats
 solving u
 solving w
 solving v
 t=   2041.36985025160      =====> Interpolating
 t=   2041.37901705461      =====> Modes to planes
 t=   2041.39085516946      =====> Spectra
 t=   2041.39086227846      =====> Record Out
 t=   2041.39086353646      =====> Ops in Planes
 t=   2074.00745538132      =====> Planes to modes UVP
 t=   2081.80143025133      =====> Planes to modes NUVP
 t=   2081.80809181643      =====> Derivatives
 t=   2081.80912134898      =====> CFL and Stats
 solving u
 solving w
 solving v
 t=   2081.82115860574      =====> Interpolating
 t=   2081.82988689394      =====> Modes to planes
 t=   2081.84146898790      =====> Spectra
 t=   2081.84147521490      =====> Record Out
 t=   2081.84147651089      =====> Ops in Planes
 t=   2114.42722064319      =====> Planes to modes UVP
 t=   2122.21655812822      =====> Planes to modes NUVP
 t=   2122.22276223351      =====> Derivatives
 t=   2122.22381321506      =====> CFL and Stats
 solving u
 solving w
 solving v
 t=   2122.23542938000      =====> Interpolating
 t=   2122.24436536511      =====> Modes to planes
 t=   2122.25721646252      =====> Spectra
 t=   2122.25722336151      =====> Record Out
 t=   2122.25722468651      =====> Ops in Planes
 t=   2154.91221482466      =====> Planes to modes UVP
 t=   2162.73427380944      =====> Planes to modes NUVP
 t=   2162.74045112575      =====> Derivatives
 t=   2162.74148096031      =====> CFL and Stats
 solving u
 solving w
 solving v
 t=   2162.75751851632      =====> Interpolating
 t=   2162.76619400655      =====> Modes to planes
 t=   2162.77833585126      =====> Spectra
 t=   2162.77834178526      =====> Record Out
 t=   2162.77834314426      =====> Ops in Planes
 t=   2195.40308851957      =====> Planes to modes UVP
 t=   2203.62903294153      =====> Planes to modes NUVP
 t=   2203.63564223665      =====> Derivatives
 t=   2203.63667128020      =====> CFL and Stats
 solving u
 solving w
 solving v
 t=   2203.64870021297      =====> Interpolating
 t=   2203.65786431098      =====> Modes to planes
 t=   2203.66983060877      =====> Spectra
 t=   2203.66983755977      =====> Record Out
 t=   2203.66983892877      =====> Ops in Planes
 t=   2236.12489046295      =====> Planes to modes UVP
 t=   2244.19714324482      =====> Planes to modes NUVP
 t=   2244.20361953600      =====> Derivatives
 t=   2244.20464988255      =====> CFL and Stats
 solving u
 solving w
 solving v
 t=   2244.21664999833      =====> Interpolating
 t=   2244.22584206432      =====> Modes to planes
 t=   2244.23762526519      =====> Spectra
 t=   2244.23763118919      =====> Record Out
 t=   2244.23763263419      =====> Ops in Planes
 t=   2276.74037142762      =====> Planes to modes UVP
 t=   2284.61504006050      =====> Planes to modes NUVP
 t=   2284.62161404264      =====> Derivatives
 t=   2284.62264492219      =====> CFL and Stats
 solving u
 solving w
 solving v
 t=   2284.63789914355      =====> Interpolating
 t=   2284.64713146453      =====> Modes to planes
 t=   2284.65897762237      =====> Spectra
 t=   2284.65898374337      =====> Record Out
 t=   2284.65898499337      =====> Ops in Planes
 t=   2317.06787766965      =====> Planes to modes UVP
 t=   2325.03077731012      =====> Planes to modes NUVP
 t=   2325.03690678545      =====> Derivatives
 t=   2325.03794605700      =====> CFL and Stats
 solving u
 solving w
 solving v
 t=   2325.04951093597      =====> Interpolating
 t=   2325.05881013292      =====> Modes to planes
 t=   2325.07067150875      =====> Spectra
 t=   2325.07067724875      =====> Record Out
 t=   2325.07067855475      =====> Ops in Planes
 t=   2357.47467890616      =====> Planes to modes UVP
 t=   2365.44729339740      =====> Planes to modes NUVP
 t=   2365.45354366068      =====> Derivatives
 t=   2365.45457019824      =====> CFL and Stats
 solving u
 solving w
 solving v
 t=   2365.46617697418      =====> Interpolating
 t=   2365.47501956933      =====> Modes to planes
 t=   2365.48710234607      =====> Spectra
 t=   2365.48710949107      =====> Record Out
 t=   2365.48711083107      =====> Ops in Planes
 t=   2397.89098386954      =====> Planes to modes UVP
 t=   2405.85724605354      =====> Planes to modes NUVP
 t=   2405.86373201872      =====> Derivatives
 t=   2405.86476446827      =====> CFL and Stats
 solving u
 solving w
 solving v
 t=   2405.88032764150      =====> Interpolating
 t=   2405.88951751250      =====> Modes to planes
 t=   2405.90095398852      =====> Spectra
 t=   2405.90095967851      =====> Record Out
 t=   2405.90096102751      =====> Ops in Planes
 t=   2438.46490811629      =====> Planes to modes UVP
 t=   2446.27540865511      =====> Planes to modes NUVP
 t=   2446.28155807843      =====> Derivatives
 t=   2446.28272574493      =====> CFL and Stats
 solving u
 solving w
 solving v
 t=   2446.29482668966      =====> Interpolating
 t=   2446.30353153687      =====> Modes to planes
 t=   2446.31562254260      =====> Spectra
 t=   2446.31562887060      =====> Record Out
 t=   2446.31563010460      =====> Ops in Planes
 t=   2479.00720380882      =====> Planes to modes UVP
 t=   2486.87449908191      =====> Planes to modes NUVP
 t=   2486.88074017920      =====> Derivatives
 t=   2486.88175686475      =====> CFL and Stats
 solving u
 solving w
 solving v
 t=   2486.89382715150      =====> Interpolating
 t=   2486.90304206649      =====> Modes to planes
 t=   2486.91487547134      =====> Spectra
 t=   2486.91620209676      =====> Record Out
 t=   2486.91620578076      =====> Ops in Planes
 t=   2519.54522252821      =====> Planes to modes UVP
 t=   2527.28490037086      =====> Planes to modes NUVP
 t=   2527.29154676796      =====> Derivatives
 t=   2527.29257892551      =====> CFL and Stats
 solving u
 solving w
 solving v
 t=   2527.36005473914      =====> Interpolating
 t=   2527.36864743740      =====> Modes to planes
 t=   2527.38020250837      =====> Spectra
 t=   2527.38020837237      =====> Record Out
 t=   2527.38020984737      =====> Ops in Planes
 t=   2560.09871873286      =====> Planes to modes UVP
 t=   2567.84708630673      =====> Planes to modes NUVP
 t=   2567.85357693190      =====> Derivatives
 t=   2567.85460099345      =====> CFL and Stats
 solving u
 solving w
 solving v
 t=   2567.86657560924      =====> Interpolating
 t=   2567.87576330324      =====> Modes to planes
 t=   2567.88760626509      =====> Spectra
 t=   2567.88761358708      =====> Record Out
 t=   2567.88761511608      =====> Ops in Planes
 t=   2600.57135281471      =====> Planes to modes UVP
 t=   2608.35068952410      =====> Planes to modes NUVP
 t=   2608.35683774642      =====> Derivatives
 t=   2608.35795699693      =====> CFL and Stats
 solving u
 solving w
 solving v
 t=   2608.37005498867      =====> Interpolating
 t=   2608.37872551689      =====> Modes to planes
 t=   2608.39086119061      =====> Spectra
 t=   2608.39086751160      =====> Record Out
 t=   2608.39086876260      =====> Ops in Planes
 t=   2640.79449841918      =====> Planes to modes UVP
 t=   2648.77131986359      =====> Planes to modes NUVP
 t=   2648.77790898772      =====> Derivatives
 t=   2648.77893028327      =====> CFL and Stats
 solving u
 solving w
 solving v
 t=   2648.79465495243      =====> Interpolating
 t=   2648.80383322743      =====> Modes to planes
 t=   2648.81564730729      =====> Spectra
 t=   2648.81565360329      =====> Record Out
 t=   2648.81565507229      =====> Ops in Planes
 t=   2681.23183339640      =====> Planes to modes UVP
 t=   2689.18413961548      =====> Planes to modes NUVP
 t=   2689.19038295976      =====> Derivatives
 t=   2689.19142227431      =====> CFL and Stats
 solving u
 solving w
 solving v
 t=   2689.20299372527      =====> Interpolating
 t=   2689.21180569544      =====> Modes to planes
 t=   2689.22351635634      =====> Spectra
 t=   2689.22352291833      =====> Record Out
 t=   2689.22352427633      =====> Ops in Planes
 t=   2721.67242919420      =====> Planes to modes UVP
 t=   2729.58856043403      =====> Planes to modes NUVP
 t=   2729.59471653435      =====> Derivatives
 t=   2729.59583271986      =====> CFL and Stats
 solving u
 solving w
 solving v
 t=   2729.60745273580      =====> Interpolating
 t=   2729.61614844002      =====> Modes to planes
 t=   2729.62789489690      =====> Spectra
 t=   2729.62790136390      =====> Record Out
 t=   2729.62790273090      =====> Ops in Planes
 t=   2762.07868669294      =====> Planes to modes UVP
 t=   2769.98416508741      =====> Planes to modes NUVP
 t=   2769.99054996563      =====> Derivatives
 t=   2769.99158456518      =====> CFL and Stats
 solving u
 solving w
 solving v
 t=   2770.00695631949      =====> Interpolating
 t=   2770.01566266270      =====> Modes to planes
 t=   2770.02726002565      =====> Spectra
 t=   2770.02726581765      =====> Record Out
 t=   2770.02726711065      =====> Ops in Planes
 t=   2802.44968296404      =====> Planes to modes UVP
 t=   2810.38358613914      =====> Planes to modes NUVP
 t=   2810.38975715845      =====> Derivatives
 t=   2810.39079074400      =====> CFL and Stats
 solving u
 solving w
 solving v
 t=   2810.40282422676      =====> Interpolating
 t=   2810.41202097076      =====> Modes to planes
 t=   2810.42377773264      =====> Spectra
 t=   2810.42378425864      =====> Record Out
 t=   2810.42378571764      =====> Ops in Planes
 t=   2842.85967170317      =====> Planes to modes UVP
 t=   2850.81023959401      =====> Planes to modes NUVP
 t=   2850.81641912632      =====> Derivatives
 t=   2850.81744223787      =====> CFL and Stats
 solving u
 solving w
 solving v
 t=   2850.82900155184      =====> Interpolating
 t=   2850.83826480381      =====> Modes to planes
 t=   2850.84983401677      =====> Spectra
 t=   2850.84984098777      =====> Record Out
 t=   2850.84984234477      =====> Ops in Planes
 t=   2883.26976056025      =====> Planes to modes UVP
 t=   2891.21626146086      =====> Planes to modes NUVP
 t=   2891.22237976020      =====> Derivatives
 t=   2891.22340261075      =====> CFL and Stats
 solving u
 solving w
 solving v
 t=   2891.23914035590      =====> Interpolating
 t=   2891.24786315410      =====> Modes to planes
 t=   2891.25974369793      =====> Spectra
 t=   2891.25974957493      =====> Record Out
 t=   2891.25975084393      =====> Ops in Planes
 t=   2923.67819900105      =====> Planes to modes UVP
 t=   2931.61732235387      =====> Planes to modes NUVP
 t=   2931.62356570515      =====> Derivatives
 t=   2931.62460530470      =====> CFL and Stats
 solving u
 solving w
 solving v
 t=   2931.63615507767      =====> Interpolating
 t=   2931.64498938983      =====> Modes to planes
 t=   2931.65663273076      =====> Spectra
 t=   2931.65664025175      =====> Record Out
 t=   2931.65664197675      =====> Ops in Planes
 t=   2964.08764377441      =====> Planes to modes UVP
 t=   2972.02728371901      =====> Planes to modes NUVP
 t=   2972.03372622020      =====> Derivatives
 t=   2972.03476114075      =====> CFL and Stats
 solving u
 solving w
 solving v
 t=   2972.04677677952      =====> Interpolating
 t=   2972.05595947852      =====> Modes to planes
 t=   2972.06734101757      =====> Spectra
 t=   2972.06734774457      =====> Record Out
 t=   2972.06734906857      =====> Ops in Planes
 t=   3004.49990846754      =====> Planes to modes UVP
 t=   3012.41272264282      =====> Planes to modes NUVP
 t=   3012.41888600014      =====> Derivatives
 t=   3012.41992159669      =====> CFL and Stats
 solving u
 solving w
 solving v
 t=   3012.43554333088      =====> Interpolating
 t=   3012.44476201587      =====> Modes to planes
 t=   3012.45620726589      =====> Spectra
 t=   3012.45621282489      =====> Record Out
 t=   3012.45621418289      =====> Ops in Planes
 t=   3045.01808086057      =====> Planes to modes UVP
 t=   3052.86356733816      =====> Planes to modes NUVP
 t=   3052.86974279447      =====> Derivatives
 t=   3052.87077948102      =====> CFL and Stats
 solving u
 solving w
 solving v
 t=   3052.88278367379      =====> Interpolating
 t=   3052.89196964879      =====> Modes to planes
 t=   3052.90344289480      =====> Spectra
 t=   3052.90344941580      =====> Record Out
 t=   3052.90345081880      =====> Ops in Planes
 t=   3085.34734079184      =====> Planes to modes UVP
 t=   3093.26587123663      =====> Planes to modes NUVP
 t=   3093.27239279579      =====> Derivatives
 t=   3093.27342712634      =====> CFL and Stats
 solving u
 solving w
 solving v
 t=   3093.28542551212      =====> Interpolating
 t=   3093.29463653510      =====> Modes to planes
 t=   3093.30634195601      =====> Spectra
 t=   3093.30634945601      =====> Record Out
 t=   3093.30635075401      =====> Ops in Planes
 t=   3125.74270945233      =====> Planes to modes UVP
 t=   3133.65402775426      =====> Planes to modes NUVP
 t=   3133.66044450146      =====> Derivatives
 t=   3133.66147277302      =====> CFL and Stats
 solving u
 solving w
 solving v
 t=   3133.67707243022      =====> Interpolating
 t=   3133.68615415527      =====> Modes to planes
 t=   3133.69760932428      =====> Spectra
 t=   3133.69761934628      =====> Record Out
 t=   3133.69762063628      =====> Ops in Planes
 t=   3166.12955159453      =====> Planes to modes UVP
 t=   3174.07906683583      =====> Planes to modes NUVP
 t=   3174.08540934907      =====> Derivatives
 t=   3174.08648883660      =====> CFL and Stats
 solving u
 solving w
 solving v
 t=   3174.09807233356      =====> Interpolating
 t=   3174.10677252677      =====> Modes to planes
 t=   3174.11828242476      =====> Spectra
 t=   3174.11828865275      =====> Record Out
 t=   3174.11828991575      =====> Ops in Planes
 t=   3206.55029483897      =====> Planes to modes UVP
 t=   3214.48925949086      =====> Planes to modes NUVP
 t=   3214.49568086307      =====> Derivatives
 t=   3214.49670861862      =====> CFL and Stats
 solving u
 solving w
 solving v
 t=   3214.50827924658      =====> Interpolating
 t=   3214.51708124275      =====> Modes to planes
 t=   3214.52856438775      =====> Spectra
 t=   3214.52857038675      =====> Record Out
 t=   3214.52857182475      =====> Ops in Planes
 t=   3246.95525239029      =====> Planes to modes UVP
 t=   3254.89851114931      =====> Planes to modes NUVP
 t=   3254.90507035445      =====> Derivatives
 t=   3254.90610604400      =====> CFL and Stats
 solving u
 solving w
 solving v
 t=   3254.92173256120      =====> Interpolating
 t=   3254.93092867420      =====> Modes to planes
 t=   3254.94265512309      =====> Spectra
 t=   3254.94266171309      =====> Record Out
 t=   3254.94266307709      =====> Ops in Planes
 t=   3287.36430540382      =====> Planes to modes UVP
 t=   3295.31286289954      =====> Planes to modes NUVP
 t=   3295.31897068088      =====> Derivatives
 t=   3295.31999612743      =====> CFL and Stats
 solving u
 solving w
 solving v
 t=   3295.33206899117      =====> Interpolating
 t=   3295.34119936020      =====> Modes to planes
 t=   3295.35295816208      =====> Spectra
 t=   3295.35296539908      =====> Record Out
 t=   3295.35296680108      =====> Ops in Planes
 t=   3327.75108886705      =====> Planes to modes UVP
 t=   3335.70090692021      =====> Planes to modes NUVP
 t=   3335.70707079453      =====> Derivatives
 t=   3335.70818130105      =====> CFL and Stats
 solving u
 solving w
 solving v
 t=   3335.72023213080      =====> Interpolating
 t=   3335.72893175401      =====> Modes to planes
 t=   3335.74097023377      =====> Spectra
 t=   3335.74097681877      =====> Record Out
 t=   3335.74097792877      =====> Ops in Planes
 t=   3368.15758830169      =====> Planes to modes UVP
 t=   3376.10025093997      =====> Planes to modes NUVP
 t=   3376.10659238821      =====> Derivatives
 t=   3376.10762110676      =====> CFL and Stats
 solving u
 solving w
 solving v
 t=   3376.12337690590      =====> Interpolating
 t=   3376.13219744706      =====> Modes to planes
 t=   3376.14374633704      =====> Spectra
 t=   3376.14375381703      =====> Record Out
 t=   3376.14375536503      =====> Ops in Planes
 t=   3408.55997808212      =====> Planes to modes UVP
 t=   3416.52901860692      =====> Planes to modes NUVP
 t=   3416.53519819323      =====> Derivatives
 t=   3416.53625458477      =====> CFL and Stats
 solving u
 solving w
 solving v
 t=   3416.54826347054      =====> Interpolating
 t=   3416.55743385255      =====> Modes to planes
 t=   3416.56890483156      =====> Spectra
 t=   3416.56891069955      =====> Record Out
 t=   3416.56891215655      =====> Ops in Planes
 t=   3448.97432982935      =====> Planes to modes UVP
 t=   3456.92343994982      =====> Planes to modes NUVP
 t=   3456.92965203012      =====> Derivatives
 t=   3456.93068446367      =====> CFL and Stats
 solving u
 solving w
 solving v
 t=   3456.94225901563      =====> Interpolating
 t=   3456.95154284059      =====> Modes to planes
 t=   3456.96303401658      =====> Spectra
 t=   3456.96304145258      =====> Record Out
 t=   3456.96304294958      =====> Ops in Planes
 t=   3489.36859466232      =====> Planes to modes UVP
 t=   3497.32010268275      =====> Planes to modes NUVP
 t=   3497.32653692295      =====> Derivatives
 t=   3497.32756853850      =====> CFL and Stats
 solving u
 solving w
 solving v
 t=   3497.34276613788      =====> Interpolating
 t=   3497.35149118808      =====> Modes to planes
 t=   3497.36310694103      =====> Spectra
 t=   3497.36311540102      =====> Record Out
 t=   3497.36311671902      =====> Ops in Planes
 t=   3529.76826483493      =====> Planes to modes UVP
 t=   3537.72934251220      =====> Planes to modes NUVP
 t=   3537.73570979743      =====> Derivatives
 t=   3537.73674878997      =====> CFL and Stats
 solving u
 solving w
 solving v
 t=   3537.74826334096      =====> Interpolating
 t=   3537.75710242611      =====> Modes to planes
 t=   3537.76888465398      =====> Spectra
 t=   3537.76889153698      =====> Record Out
 t=   3537.76889275698      =====> Ops in Planes
 t=   3570.17155990897      =====> Planes to modes UVP
 t=   3578.12583181220      =====> Planes to modes NUVP
 t=   3578.13223965941      =====> Derivatives
 t=   3578.13326279096      =====> CFL and Stats
 solving u
 solving w
 solving v
 t=   3578.14522627376      =====> Interpolating
 t=   3578.15443844275      =====> Modes to planes
 t=   3578.16622939361      =====> Spectra
 t=   3578.16623670661      =====> Record Out
 t=   3578.16623806461      =====> Ops in Planes
 t=   3610.56159837178      =====> Planes to modes UVP
 t=   3618.52251447912      =====> Planes to modes NUVP
 t=   3618.52890757833      =====> Derivatives
 t=   3618.52993867088      =====> CFL and Stats
 solving u
 solving w
 solving v
 t=   3618.54519850024      =====> Interpolating
 t=   3618.55439520124      =====> Modes to planes
 t=   3618.56640765601      =====> Spectra
 t=   3618.56641428801      =====> Record Out
 t=   3618.56641569500      =====> Ops in Planes
 t=   3650.96736290574      =====> Planes to modes UVP
 t=   3658.91989525373      =====> Planes to modes NUVP
 t=   3658.92601249507      =====> Derivatives
 t=   3658.92704820862      =====> CFL and Stats
 solving u
 solving w
 solving v
 t=   3658.93907397038      =====> Interpolating
 t=   3658.94825699338      =====> Modes to planes
 t=   3658.96010328423      =====> Spectra
 t=   3658.96011070022      =====> Record Out
 t=   3658.96011210122      =====> Ops in Planes
 t=   3691.36187374161      =====> Planes to modes UVP
 t=   3699.31928464747      =====> Planes to modes NUVP
 t=   3699.32544717779      =====> Derivatives
 t=   3699.32647382134      =====> CFL and Stats
 solving u
 solving w
 solving v
 t=   3699.33850625710      =====> Interpolating
 t=   3699.34770988909      =====> Modes to planes
 t=   3699.35952940595      =====> Spectra
 t=   3699.35953637894      =====> Record Out
 t=   3699.35953764194      =====> Ops in Planes
 t=   3731.75743800601      =====> Planes to modes UVP
 t=   3739.71775790261      =====> Planes to modes NUVP
 t=   3739.72423087779      =====> Derivatives
 t=   3739.72527202433      =====> CFL and Stats
 solving u
 solving w
 solving v
 t=   3739.74088756854      =====> Interpolating
 t=   3739.75003479055      =====> Modes to planes
 t=   3739.76150765856      =====> Spectra
 t=   3739.76151769956      =====> Record Out
 t=   3739.76151890055      =====> Ops in Planes
 t=   3772.16327455994      =====> Planes to modes UVP
 t=   3780.12717163398      =====> Planes to modes NUVP
 t=   3780.13362054017      =====> Derivatives
 t=   3780.13463848573      =====> CFL and Stats
 solving u
 solving w
 solving v
 t=   3780.14663531751      =====> Interpolating
 t=   3780.15546562266      =====> Modes to planes
 t=   3780.16729176351      =====> Spectra
 t=   3780.16729780551      =====> Record Out
 t=   3780.16729924651      =====> Ops in Planes
 t=   3812.56500265166      =====> Planes to modes UVP
 t=   3820.52727012341      =====> Planes to modes NUVP
 t=   3820.53350086270      =====> Derivatives
 t=   3820.53453422725      =====> CFL and Stats
 solving u
 solving w
 solving v
 t=   3820.54655959601      =====> Interpolating
 t=   3820.55587764296      =====> Modes to planes
 t=   3820.56761463985      =====> Spectra
 t=   3820.56762125084      =====> Record Out
 t=   3820.56762258984      =====> Ops in Planes
 t=   3852.97015461489      =====> Planes to modes UVP
 t=   3860.92515892680      =====> Planes to modes NUVP
 t=   3860.93128459614      =====> Derivatives
 t=   3860.93230948669      =====> CFL and Stats
 solving u
 solving w
 solving v
 t=   3860.94822599476      =====> Interpolating
 t=   3860.95687107300      =====> Modes to planes
 t=   3860.96867179686      =====> Spectra
 t=   3860.96867847486      =====> Record Out
 t=   3860.96867986986      =====> Ops in Planes
 t=   3893.36864342402      =====> Planes to modes UVP
 t=   3901.33963997597      =====> Planes to modes NUVP
 t=   3901.34582992128      =====> Derivatives
 t=   3901.34685729383      =====> CFL and Stats
 solving u
 solving w
 solving v
 t=   3901.35888537359      =====> Interpolating
 t=   3901.36809105158      =====> Modes to planes
 t=   3901.37981025048      =====> Spectra
 t=   3901.37981734848      =====> Record Out
 t=   3901.37981879148      =====> Ops in Planes
 t=   3933.78023432045      =====> Planes to modes UVP
 t=   3941.74786282186      =====> Planes to modes NUVP
 t=   3941.75434485104      =====> Derivatives
 t=   3941.75537153959      =====> CFL and Stats
 solving u
 solving w
 solving v
 t=   3941.76693084456      =====> Interpolating
 t=   3941.77576269472      =====> Modes to planes
 t=   3941.78757168758      =====> Spectra
 t=   3941.78757804257      =====> Record Out
 t=   3941.78757955757      =====> Ops in Planes
 t=   3974.70987928335      =====> Planes to modes UVP
 t=   3982.70125280143      =====> Planes to modes NUVP
 t=   3982.70772830161      =====> Derivatives
 t=   3982.70877354515      =====> CFL and Stats
 solving u
 solving w
 solving v
 t=   3982.72429570440      =====> Interpolating
 t=   3982.73310995656      =====> Modes to planes
 t=   3982.74451735759      =====> Spectra
 t=   3982.74452401059      =====> Record Out
 t=   3982.74452538859      =====> Ops in Planes
 t=   4015.29731949222      =====> Planes to modes UVP
 t=   4023.32878282285      =====> Planes to modes NUVP
 t=   4023.33623431960      =====> Derivatives
 t=   4023.33726753015      =====> CFL and Stats
 solving u
 solving w
 solving v
 t=   4023.34880868913      =====> Interpolating
 t=   4023.35754577933      =====> Modes to planes
 t=   4023.36894094937      =====> Spectra
 t=   4023.36894927536      =====> Record Out
 t=   4023.36895052236      =====> Ops in Planes
 t=   4055.91730861793      =====> Planes to modes UVP
 t=   4063.93149465307      =====> Planes to modes NUVP
 t=   4063.93784929431      =====> Derivatives
 t=   4063.93887314886      =====> CFL and Stats
 solving u
 solving w
 solving v
 t=   4063.95051809579      =====> Interpolating
 t=   4063.95931335496      =====> Modes to planes
 t=   4063.97097598189      =====> Spectra
 t=   4063.97098163188      =====> Record Out
 t=   4063.97098276488      =====> Ops in Planes
 t=   4096.97325835684      =====> Planes to modes UVP
 t=   4104.55909298746      =====> Planes to modes NUVP
 t=   4104.56524723379      =====> Derivatives
 t=   4104.56629764833      =====> CFL and Stats
 solving u
 solving w
 solving v
 t=   4104.58173978761      =====> Interpolating
 t=   4104.59045739281      =====> Modes to planes
 t=   4104.60180824887      =====> Spectra
 t=   4104.60181437987      =====> Record Out
 t=   4104.60181561387      =====> Ops in Planes
 t=   4137.86544350905      =====> Planes to modes UVP
 t=   4145.25871549350      =====> Planes to modes NUVP
 t=   4145.26480992585      =====> Derivatives
 t=   4145.26585555339      =====> CFL and Stats
 solving u
 solving w
 solving v
 t=   4145.27749487733      =====> Interpolating
 t=   4145.28627924950      =====> Modes to planes
 t=   4145.29769587053      =====> Spectra
 t=   4145.29770236253      =====> Record Out
 t=   4145.29770374453      =====> Ops in Planes
 t=   4177.83701469903      =====> Planes to modes UVP
 t=   4185.78095593976      =====> Planes to modes NUVP
 t=   4185.78712324207      =====> Derivatives
 t=   4185.78816465562      =====> CFL and Stats
 solving u
 solving w
 solving v
 t=   4185.79986968452      =====> Interpolating
 t=   4185.80857719673      =====> Modes to planes
 t=   4185.81995774178      =====> Spectra
 t=   4185.81996394978      =====> Record Out
 t=   4185.81996523278      =====> Ops in Planes
 t=   4218.24153834054      =====> Planes to modes UVP
 t=   4226.18448766069      =====> Planes to modes NUVP
 t=   4226.19065219601      =====> Derivatives
 t=   4226.19168300356      =====> CFL and Stats
 solving u
 solving w
 solving v
 t=   4226.20707867586      =====> Interpolating
 t=   4226.21580213406      =====> Modes to planes
 t=   4226.22751485296      =====> Spectra
 t=   4226.22752063396      =====> Record Out
 t=   4226.22752172896      =====> Ops in Planes
 t=   4258.63166953531      =====> Planes to modes UVP
 t=   4266.57992822815      =====> Planes to modes NUVP
 t=   4266.58607548948      =====> Derivatives
 t=   4266.58711087102      =====> CFL and Stats
 solving u
 solving w
 solving v
 t=   4266.59858242503      =====> Interpolating
 t=   4266.60741150319      =====> Modes to planes
 t=   4266.61887978219      =====> Spectra
 t=   4266.61888584019      =====> Record Out
 t=   4266.61888718319      =====> Ops in Planes
 t=   4299.02013455880      =====> Planes to modes UVP
 t=   4306.96902527337      =====> Planes to modes NUVP
 t=   4306.97515980170      =====> Derivatives
 t=   4306.97619746425      =====> CFL and Stats
 solving u
 solving w
 solving v
 t=   4306.98778815620      =====> Interpolating
 t=   4306.99659039937      =====> Modes to planes
 t=   4307.00800824040      =====> Spectra
 t=   4307.00801217740      =====> Record Out
 t=   4307.00801351640      =====> Ops in Planes
 t=   4339.42066497904      =====> Planes to modes UVP
 t=   4347.38683039109      =====> Planes to modes NUVP
 t=   4347.39299559141      =====> Derivatives
 t=   4347.39413480891      =====> CFL and Stats
 solving u
 solving w
 solving v
 t=   4347.40957589119      =====> Interpolating
 t=   4347.41828008840      =====> Modes to planes
 t=   4347.42981177938      =====> Spectra
 t=   4347.42981762238      =====> Record Out
 t=   4347.42981895138      =====> Ops in Planes
 t=   4379.85599481513      =====> Planes to modes UVP
 t=   4387.81272456929      =====> Planes to modes NUVP
 t=   4387.81886713762      =====> Derivatives
 t=   4387.81990054317      =====> CFL and Stats
 solving u
 solving w
 solving v
 t=   4387.83145068114      =====> Interpolating
 t=   4387.84026198930      =====> Modes to planes
 t=   4387.85185846826      =====> Spectra
 t=   4387.85186483625      =====> Record Out
 t=   4387.85186603925      =====> Ops in Planes
 t=   4420.26674587193      =====> Planes to modes UVP
 t=   4428.24817328633      =====> Planes to modes NUVP
 t=   4428.25435750564      =====> Derivatives
 t=   4428.25539995019      =====> CFL and Stats
 solving u
 solving w
 solving v
 t=   4428.26692867917      =====> Interpolating
 t=   4428.27571610634      =====> Modes to planes
 t=   4428.28716027736      =====> Spectra
 t=   4428.28716561136      =====> Record Out
 t=   4428.28716699136      =====> Ops in Planes
 t=   4461.09984995485      =====> Planes to modes UVP
 t=   4468.90487311006      =====> Planes to modes NUVP
 t=   4468.91103503137      =====> Derivatives
 t=   4468.91206569292      =====> CFL and Stats
 solving u
 solving w
 solving v
 t=   4468.92750442320      =====> Interpolating
 t=   4468.93632009837      =====> Modes to planes
 t=   4468.94810013824      =====> Spectra
 t=   4468.94810566224      =====> Record Out
 t=   4468.94810690023      =====> Ops in Planes
 t=   4501.68900183898      =====> Planes to modes UVP
 t=   4509.89402148705      =====> Planes to modes NUVP
 t=   4509.90018343237      =====> Derivatives
 t=   4509.90122044492      =====> CFL and Stats
 solving u
 solving w
 solving v
 t=   4509.91279731288      =====> Interpolating
 t=   4509.92161436904      =====> Modes to planes
 t=   4509.93327480096      =====> Spectra
 t=   4509.93328135996      =====> Record Out
 t=   4509.93328265596      =====> Ops in Planes
 t=   4542.53607650983      =====> Planes to modes UVP
 t=   4550.81837815725      =====> Planes to modes NUVP
 t=   4550.82453637957      =====> Derivatives
 t=   4550.82556346713      =====> CFL and Stats
 solving u
 solving w
 solving v
 t=   4550.83715227608      =====> Interpolating
 t=   4550.84594180025      =====> Modes to planes
 t=   4550.85771497713      =====> Spectra
 t=   4550.85772163713      =====> Record Out
 t=   4550.85772301613      =====> Ops in Planes
 t=   4583.56498341052      =====> Planes to modes UVP
 t=   4591.72660155248      =====> Planes to modes NUVP
 t=   4591.73274240281      =====> Derivatives
 t=   4591.73376209336      =====> CFL and Stats
 solving u
 solving w
 solving v
 t=   4591.74915382766      =====> Interpolating
 t=   4591.75818529173      =====> Modes to planes
 t=   4591.76966672173      =====> Spectra
 t=   4591.76967313973      =====> Record Out
 t=   4591.76967478573      =====> Ops in Planes
 t=   4624.54854997694      =====> Planes to modes UVP
 t=   4632.50473818134      =====> Planes to modes NUVP
 t=   4632.51091757665      =====> Derivatives
 t=   4632.51194831720      =====> CFL and Stats
 solving u
 solving w
 solving v
 t=   4632.52361124612      =====> Interpolating
 t=   4632.53245365927      =====> Modes to planes
 t=   4632.54442234106      =====> Spectra
 t=   4632.54442845106      =====> Record Out
 t=   4632.54442991706      =====> Ops in Planes
 t=   4664.96429351456      =====> Planes to modes UVP
 t=   4672.92181654537      =====> Planes to modes NUVP
 t=   4672.92838264652      =====> Derivatives
 t=   4672.92942792006      =====> CFL and Stats
 solving u
 solving w
 solving v
 t=   4672.94101418502      =====> Interpolating
 t=   4672.94984500017      =====> Modes to planes
 t=   4672.96138060415      =====> Spectra
 t=   4672.96138623515      =====> Record Out
 t=   4672.96138751515      =====> Ops in Planes
 t=   4705.38245968313      =====> Planes to modes UVP
 t=   4713.33620283858      =====> Planes to modes NUVP
 t=   4713.34228979093      =====> Derivatives
 t=   4713.34340068545      =====> CFL and Stats
 solving u
 solving w
 solving v
 t=   4713.35865699481      =====> Interpolating
 t=   4713.36743713199      =====> Modes to planes
 t=   4713.37911120791      =====> Spectra
 t=   4713.37911848790      =====> Record Out
 t=   4713.37911987890      =====> Ops in Planes
 t=   4745.80867351219      =====> Planes to modes UVP
 t=   4753.74214074947      =====> Planes to modes NUVP
 t=   4753.74833682778      =====> Derivatives
 t=   4753.74937194832      =====> CFL and Stats
 solving u
 solving w
 solving v
 t=   4753.76092464529      =====> Interpolating
 t=   4753.76972606646      =====> Modes to planes
 t=   4753.78113665650      =====> Spectra
 t=   4753.78114355649      =====> Record Out
 t=   4753.78114493049      =====> Ops in Planes
 t=   4786.19744690055      =====> Planes to modes UVP
 t=   4794.15522397125      =====> Planes to modes NUVP
 t=   4794.16148957552      =====> Derivatives
 t=   4794.16252390407      =====> CFL and Stats
 solving u
 solving w
 solving v
 t=   4794.17405485605      =====> Interpolating
 t=   4794.18288979921      =====> Modes to planes
 t=   4794.19455279713      =====> Spectra
 t=   4794.19455976513      =====> Record Out
 t=   4794.19456137312      =====> Ops in Planes
 t=   4826.62171619345      =====> Planes to modes UVP
 t=   4834.57192147845      =====> Planes to modes NUVP
 t=   4834.57805050879      =====> Derivatives
 t=   4834.57907991434      =====> CFL and Stats
 solving u
 solving w
 solving v
 t=   4834.59451362762      =====> Interpolating
 t=   4834.60320936083      =====> Modes to planes
 t=   4834.61453332390      =====> Spectra
 t=   4834.61454279790      =====> Record Out
 t=   4834.61454422590      =====> Ops in Planes
 t=   4867.03729534915      =====> Planes to modes UVP
 t=   4874.97854326204      =====> Planes to modes NUVP
 t=   4874.98470566336      =====> Derivatives
 t=   4874.98578856189      =====> CFL and Stats
 solving u
 solving w
 solving v
 t=   4874.99772858269      =====> Interpolating
 t=   4875.00655403385      =====> Modes to planes
 t=   4875.01794542589      =====> Spectra
 t=   4875.01795213989      =====> Record Out
 t=   4875.01795345989      =====> Ops in Planes
 t=   4907.43573586930      =====> Planes to modes UVP
 t=   4915.39116553202      =====> Planes to modes NUVP
 t=   4915.39728801736      =====> Derivatives
 t=   4915.39831367191      =====> CFL and Stats
 solving u
 solving w
 solving v
 t=   4915.40993483785      =====> Interpolating
 t=   4915.41860546608      =====> Modes to planes
 t=   4915.43011194907      =====> Spectra
 t=   4915.43144407549      =====> Record Out
 t=   4915.43145078948      =====> Ops in Planes
 t=   4947.84286373167      =====> Planes to modes UVP
 t=   4955.78427249250      =====> Planes to modes NUVP
 t=   4955.79042037882      =====> Derivatives
 t=   4955.79145072337      =====> CFL and Stats
 solving u
 solving w
 solving v
 t=   4955.85619403919      =====> Interpolating
 t=   4955.86479292244      =====> Modes to planes
 t=   4955.87600648956      =====> Spectra
 t=   4955.87601246856      =====> Record Out
 t=   4955.87601370856      =====> Ops in Planes
 t=   4988.31918436891      =====> Planes to modes UVP
 t=   4996.24636248594      =====> Planes to modes NUVP
 t=   4996.25247981627      =====> Derivatives
 t=   4996.25351233983      =====> CFL and Stats
 solving u
 solving w
 solving v
 t=   4996.26509167378      =====> Interpolating
 t=   4996.27389335595      =====> Modes to planes
 t=   4996.28531366898      =====> Spectra
 t=   4996.28532300798      =====> Record Out
 t=   4996.28532426698      =====> Ops in Planes
 t=   5028.72061508777      =====> Planes to modes UVP
 t=   5036.66797293100      =====> Planes to modes NUVP
 t=   5036.67419577029      =====> Derivatives
 t=   5036.67522634585      =====> CFL and Stats
 solving u
 solving w
 solving v
 t=   5036.68681900080      =====> Interpolating
 t=   5036.69549425202      =====> Modes to planes
 t=   5036.70695310603      =====> Spectra
 t=   5036.70695818403      =====> Record Out
 t=   5036.70695943403      =====> Ops in Planes
 t=   5069.12710890841      =====> Planes to modes UVP
 t=   5077.06582079441      =====> Planes to modes NUVP
 t=   5077.07226932561      =====> Derivatives
 t=   5077.07330366616      =====> CFL and Stats
 solving u
 solving w
 solving v
 t=   5077.08858054451      =====> Interpolating
 t=   5077.09737326968      =====> Modes to planes
 t=   5077.10881162070      =====> Spectra
 t=   5077.10881731670      =====> Record Out
 t=   5077.10881853369      =====> Ops in Planes
 t=   5109.52984736869      =====> Planes to modes UVP
 t=   5117.47502361788      =====> Planes to modes NUVP
 t=   5117.48115915721      =====> Derivatives
 t=   5117.48218842976      =====> CFL and Stats
 solving u
 solving w
 solving v
 t=   5117.49376431372      =====> Interpolating
 t=   5117.50253254190      =====> Modes to planes
 t=   5117.51428430279      =====> Spectra
 t=   5117.51429320278      =====> Record Out
 t=   5117.51429449278      =====> Ops in Planes
 t=   5149.93050380888      =====> Planes to modes UVP
 t=   5157.88261553105      =====> Planes to modes NUVP
 t=   5157.88873399538      =====> Derivatives
 t=   5157.88975273194      =====> CFL and Stats
 solving u
 solving w
 solving v
 t=   5157.90135544789      =====> Interpolating
 t=   5157.91015826806      =====> Modes to planes
 t=   5157.92154122110      =====> Spectra
 t=   5157.92154698710      =====> Record Out
 t=   5157.92154861410      =====> Ops in Planes
 t=   5190.34966262701      =====> Planes to modes UVP
 t=   5198.29244382324      =====> Planes to modes NUVP
 t=   5198.29859804356      =====> Derivatives
 t=   5198.29961972312      =====> CFL and Stats
 solving u
 solving w
 solving v
 t=   5198.31507276939      =====> Interpolating
 t=   5198.32382248558      =====> Modes to planes
 t=   5198.33562512944      =====> Spectra
 t=   5198.33563146144      =====> Record Out
 t=   5198.33563284544      =====> Ops in Planes
 t=   5230.74330300925      =====> Planes to modes UVP
 t=   5238.68698747609      =====> Planes to modes NUVP
 t=   5238.69314429841      =====> Derivatives
 t=   5238.69417796696      =====> CFL and Stats
 solving u
 solving w
 solving v
 t=   5238.70573933393      =====> Interpolating
 t=   5238.71454560209      =====> Modes to planes
 t=   5238.72606400008      =====> Spectra
 t=   5238.72606955008      =====> Record Out
 t=   5238.72607085508      =====> Ops in Planes
 t=   5271.12955142271      =====> Planes to modes UVP
 t=   5279.08322582920      =====> Planes to modes NUVP
 t=   5279.08939631151      =====> Derivatives
 t=   5279.09044003306      =====> CFL and Stats
 solving u
 solving w
 solving v
 t=   5279.10208968399      =====> Interpolating
 t=   5279.11087965716      =====> Modes to planes
 t=   5279.12233795217      =====> Spectra
 t=   5279.12234351117      =====> Record Out
 t=   5279.12234467517      =====> Ops in Planes
 t=   5311.54827882903      =====> Planes to modes UVP
 t=   5319.48068894378      =====> Planes to modes NUVP
 t=   5319.48684197410      =====> Derivatives
 t=   5319.48787476065      =====> CFL and Stats
 solving u
 solving w
 solving v
 t=   5319.50327385595      =====> Interpolating
 t=   5319.51202626914      =====> Modes to planes
 t=   5319.52340231218      =====> Spectra
 t=   5319.52340977918      =====> Record Out
 t=   5319.52341115518      =====> Ops in Planes
 t=   5351.93331057902      =====> Planes to modes UVP
 t=   5359.88474184349      =====> Planes to modes NUVP
 t=   5359.89090174180      =====> Derivatives
 t=   5359.89192175036      =====> CFL and Stats
 solving u
 solving w
 solving v
 t=   5359.90350512932      =====> Interpolating
 t=   5359.91230802749      =====> Modes to planes
 t=   5359.92380319048      =====> Spectra
 t=   5359.92380937548      =====> Record Out
 t=   5359.92381071448      =====> Ops in Planes
 t=   5392.32784709887      =====> Planes to modes UVP
 t=   5400.29494948052      =====> Planes to modes NUVP
 t=   5400.30135231073      =====> Derivatives
 t=   5400.30238381828      =====> CFL and Stats
 solving u
 solving w
 solving v
 t=   5400.31399086823      =====> Interpolating
 t=   5400.32268494144      =====> Modes to planes
 t=   5400.33430002538      =====> Spectra
 t=   5400.33430520738      =====> Record Out
 t=   5400.33430650238      =====> Ops in Planes
 t=   5432.74595495446      =====> Planes to modes UVP
 t=   5440.69139863853      =====> Planes to modes NUVP
 t=   5440.69759775783      =====> Derivatives
 t=   5440.69871371135      =====> CFL and Stats
 solving u
 solving w
 solving v
 t=   5440.71392478673      =====> Interpolating
 t=   5440.72275344488      =====> Modes to planes
 t=   5440.73434316984      =====> Spectra
 t=   5440.73434943984      =====> Record Out
 t=   5440.73435075884      =====> Ops in Planes
 t=   5473.15953506102      =====> Planes to modes UVP
 t=   5481.08888759510      =====> Planes to modes NUVP
 t=   5481.09499769944      =====> Derivatives
 t=   5481.09602422599      =====> CFL and Stats
 solving u
 solving w
 solving v
 t=   5481.10760378895      =====> Interpolating
 t=   5481.11641744912      =====> Modes to planes
 t=   5481.12777836717      =====> Spectra
 t=   5481.12778532317      =====> Record Out
 t=   5481.12778670917      =====> Ops in Planes
 t=   5513.53699098931      =====> Planes to modes UVP
 t=   5521.50067817444      =====> Planes to modes NUVP
 t=   5521.50681307977      =====> Derivatives
 t=   5521.50785051032      =====> CFL and Stats
 solving u
 solving w
 solving v
 t=   5521.51940022929      =====> Interpolating
 t=   5521.52821109245      =====> Modes to planes
 t=   5521.53965966347      =====> Spectra
 t=   5521.53966904947      =====> Record Out
 t=   5521.53967050147      =====> Ops in Planes
 t=   5553.96888000690      =====> Planes to modes UVP
 t=   5561.91092533445      =====> Planes to modes NUVP
 t=   5561.91706128178      =====> Derivatives
 t=   5561.91808206634      =====> CFL and Stats
 solving u
 solving w
 solving v
 t=   5561.93348910363      =====> Interpolating
 t=   5561.94225072782      =====> Modes to planes
 t=   5561.95399590670      =====> Spectra
 t=   5561.95400415470      =====> Record Out
 t=   5561.95400582870      =====> Ops in Planes
 t=   5594.37017495481      =====> Planes to modes UVP
 t=   5602.30398448395      =====> Planes to modes NUVP
 t=   5602.31019412724      =====> Derivatives
 t=   5602.31122894679      =====> CFL and Stats
 solving u
 solving w
 solving v
 t=   5602.32376577433      =====> Interpolating
 t=   5602.33251370553      =====> Modes to planes
 t=   5602.34412643047      =====> Spectra
 t=   5602.34413305347      =====> Record Out
 t=   5602.34413440347      =====> Ops in Planes
 t=   5634.76670248379      =====> Planes to modes UVP
 t=   5642.71384805613      =====> Planes to modes NUVP
 t=   5642.72031116631      =====> Derivatives
 t=   5642.72133027287      =====> CFL and Stats
 solving u
 solving w
 solving v
 t=   5642.73289165683      =====> Interpolating
 t=   5642.74170696900      =====> Modes to planes
 t=   5642.75307759005      =====> Spectra
 t=   5642.75308368405      =====> Record Out
 t=   5642.75308491404      =====> Ops in Planes
 t=   5675.16247526011      =====> Planes to modes UVP
 t=   5683.09391650428      =====> Planes to modes NUVP
 t=   5683.10008057059      =====> Derivatives
 t=   5683.10111767714      =====> CFL and Stats
 solving u
 solving w
 solving v
 t=   5683.11637960750      =====> Interpolating
 t=   5683.12518597366      =====> Modes to planes
 t=   5683.13673213064      =====> Spectra
 t=   5683.13673800363      =====> Record Out
 t=   5683.13673930863      =====> Ops in Planes
 t=   5715.53952057057      =====> Planes to modes UVP
 t=   5723.48715475369      =====> Planes to modes NUVP
 t=   5723.49332047801      =====> Derivatives
 t=   5723.49435388656      =====> CFL and Stats
 solving u
 solving w
 solving v
 t=   5723.50594374851      =====> Interpolating
 t=   5723.51473200769      =====> Modes to planes
 t=   5723.52655972754      =====> Spectra
 t=   5723.52656745853      =====> Record Out
 t=   5723.52656889953      =====> Ops in Planes
 t=   5755.94306307650      =====> Planes to modes UVP
 t=   5763.89139570432      =====> Planes to modes NUVP
 t=   5763.89768490058      =====> Derivatives
 t=   5763.89870255914      =====> CFL and Stats
 solving u
 solving w
 solving v
 t=   5763.91028738709      =====> Interpolating
 t=   5763.91911664625      =====> Modes to planes
 t=   5763.93053182428      =====> Spectra
 t=   5763.93053863128      =====> Record Out
 t=   5763.93053997728      =====> Ops in Planes
 t=   5796.33838523601      =====> Planes to modes UVP
 t=   5804.27984222482      =====> Planes to modes NUVP
 t=   5804.28598814615      =====> Derivatives
 t=   5804.28702131570      =====> CFL and Stats
 solving u
 solving w
 solving v
 t=   5804.30228969905      =====> Interpolating
 t=   5804.31108508622      =====> Modes to planes
 t=   5804.32273529815      =====> Spectra
 t=   5804.32274256714      =====> Record Out
 t=   5804.32274383214      =====> Ops in Planes
 t=   5836.73413147634      =====> Planes to modes UVP
 t=   5844.68366128763      =====> Planes to modes NUVP
 t=   5844.68979567096      =====> Derivatives
 t=   5844.69081743252      =====> CFL and Stats
 solving u
 solving w
 solving v
 t=   5844.70238761448      =====> Interpolating
 t=   5844.71121079164      =====> Modes to planes
 t=   5844.72258084669      =====> Spectra
 t=   5844.72258772169      =====> Record Out
 t=   5844.72258918468      =====> Ops in Planes
 t=   5877.12477851388      =====> Planes to modes UVP
 t=   5885.08852748499      =====> Planes to modes NUVP
 t=   5885.09466406831      =====> Derivatives
 t=   5885.09568304887      =====> CFL and Stats
 solving u
 solving w
 solving v
 t=   5885.10726116183      =====> Interpolating
 t=   5885.11595767204      =====> Modes to planes
 t=   5885.12760222997      =====> Spectra
 t=   5885.12760832397      =====> Record Out
 t=   5885.12760959597      =====> Ops in Planes
 t=   5917.53349661356      =====> Planes to modes UVP
 t=   5925.49611743415      =====> Planes to modes NUVP
 t=   5925.50240513042      =====> Derivatives
 t=   5925.50342482697      =====> CFL and Stats
 solving u
 solving w
 solving v
 t=   5925.51880824828      =====> Interpolating
 t=   5925.52764542943      =====> Modes to planes
 t=   5925.53904929546      =====> Spectra
 t=   5925.53905520946      =====> Record Out
 t=   5925.53905652546      =====> Ops in Planes
 t=   5957.94655609335      =====> Planes to modes UVP
 t=   5965.90552543253      =====> Planes to modes NUVP
 t=   5965.91193609174      =====> Derivatives
 t=   5965.91295619730      =====> CFL and Stats
 solving u
 solving w
 solving v
 t=   5965.92456908124      =====> Interpolating
 t=   5965.93338184840      =====> Modes to planes
 t=   5965.94493603437      =====> Spectra
 t=   5965.94494228137      =====> Record Out
 t=   5965.94494364937      =====> Ops in Planes
 t=   5998.33518816277      =====> Planes to modes UVP
 t=   6006.30631477666      =====> Planes to modes NUVP
 t=   6006.31241733300      =====> Derivatives
 t=   6006.31345625355      =====> CFL and Stats
 solving u
 solving w
 solving v
 t=   6006.32498376353      =====> Interpolating
 t=   6006.33376950271      =====> Modes to planes
 t=   6006.34536520766      =====> Spectra
 t=   6006.34537097066      =====> Record Out
 t=   6006.34537232366      =====> Ops in Planes
 t=   6038.75162886908      =====> Planes to modes UVP
 t=   6046.70416522407      =====> Planes to modes NUVP
 t=   6046.71039465336      =====> Derivatives
 t=   6046.71143532690      =====> CFL and Stats
 solving u
 solving w
 solving v
 t=   6046.72679258322      =====> Interpolating
 t=   6046.73559855239      =====> Modes to planes
 t=   6046.74705764740      =====> Spectra
 t=   6046.74707051239      =====> Record Out
 t=   6046.74707178139      =====> Ops in Planes
 t=   6079.15104249181      =====> Planes to modes UVP
 t=   6087.12111445616      =====> Planes to modes NUVP
 t=   6087.12724145850      =====> Derivatives
 t=   6087.12827285705      =====> CFL and Stats
 solving u
 solving w
 solving v
 t=   6087.13984631901      =====> Interpolating
 t=   6087.14868899816      =====> Modes to planes
 t=   6087.16022215914      =====> Spectra
 t=   6087.16022809214      =====> Record Out
 t=   6087.16022954314      =====> Ops in Planes
 t=   6119.56883502154      =====> Planes to modes UVP
 t=   6127.51650603864      =====> Planes to modes NUVP
 t=   6127.52270543994      =====> Derivatives
 t=   6127.52373985749      =====> CFL and Stats
 solving u
 solving w
 solving v
 t=   6127.53526185648      =====> Interpolating
 t=   6127.54406530065      =====> Modes to planes
 t=   6127.55551384966      =====> Spectra
 t=   6127.55551979966      =====> Record Out
 t=   6127.55552112066      =====> Ops in Planes
 t=   6160.42823675702      =====> Planes to modes UVP
 t=   6168.00576029926      =====> Planes to modes NUVP
 t=   6168.01220223846      =====> Derivatives
 t=   6168.01322389501      =====> CFL and Stats
 solving u
 solving w
 solving v
 t=   6168.02863226030      =====> Interpolating
 t=   6168.03778669032      =====> Modes to planes
 t=   6168.04928813931      =====> Spectra
 t=   6168.04929449731      =====> Record Out
 t=   6168.04929585031      =====> Ops in Planes
 t=   6201.00376529208      =====> Planes to modes UVP
 t=   6208.42270146836      =====> Planes to modes NUVP
 t=   6208.42880469670      =====> Derivatives
 t=   6208.42983971225      =====> CFL and Stats
 solving u
 solving w
 solving v
 t=   6208.44141414421      =====> Interpolating
 t=   6208.45033018633      =====> Modes to planes
 t=   6208.46191131629      =====> Spectra
 t=   6208.46191733029      =====> Record Out
 t=   6208.46191875628      =====> Ops in Planes
 t=   6241.72909828092      =====> Planes to modes UVP
 t=   6248.83288656140      =====> Planes to modes NUVP
 t=   6248.83901199673      =====> Derivatives
 t=   6248.84004759728      =====> CFL and Stats
 solving u
 solving w
 solving v
 t=   6248.85165119823      =====> Interpolating
 t=   6248.86046270239      =====> Modes to planes
 t=   6248.87191797040      =====> Spectra
 t=   6248.87192526440      =====> Record Out
 t=   6248.87192656240      =====> Ops in Planes
 t=   6281.65367012637      =====> Planes to modes UVP
 t=   6289.24099807334      =====> Planes to modes NUVP
 t=   6289.24712383467      =====> Derivatives
 t=   6289.24815639022      =====> CFL and Stats
 solving u
 solving w
 solving v
 t=   6289.26375242543      =====> Interpolating
 t=   6289.27261651057      =====> Modes to planes
 t=   6289.28418974854      =====> Spectra
 t=   6289.28419648953      =====> Record Out
 t=   6289.28419782153      =====> Ops in Planes
 t=   6322.01340223537      =====> Planes to modes UVP
 t=   6329.65905119795      =====> Planes to modes NUVP
 t=   6329.66521144327      =====> Derivatives
 t=   6329.66624788382      =====> CFL and Stats
 solving u
 solving w
 solving v
 t=   6329.67784452077      =====> Interpolating
 t=   6329.68670150691      =====> Modes to planes
 t=   6329.69840121782      =====> Spectra
 t=   6329.69840767982      =====> Record Out
 t=   6329.69840893282      =====> Ops in Planes
 t=   6362.39213659710      =====> Planes to modes UVP
 t=   6370.20772255570      =====> Planes to modes NUVP
 t=   6370.21400472297      =====> Derivatives
 t=   6370.21511971448      =====> CFL and Stats
 solving u
 solving w
 solving v
 t=   6370.22757573306      =====> Interpolating
 t=   6370.23672481708      =====> Modes to planes
 t=   6370.24840244399      =====> Spectra
 t=   6370.24840953099      =====> Record Out
 t=   6370.24841087699      =====> Ops in Planes
 t=   6403.27460647954      =====> Planes to modes UVP
 t=   6411.11332834207      =====> Planes to modes NUVP
 t=   6411.11950187238      =====> Derivatives
 t=   6411.12052536294      =====> CFL and Stats
 solving u
 solving w
 solving v
 t=   6411.13582351828      =====> Interpolating
 t=   6411.14450745649      =====> Modes to planes
 t=   6411.15597651450      =====> Spectra
 t=   6411.15598291850      =====> Record Out
 t=   6411.15598439650      =====> Ops in Planes
 t=   6443.71323187319      =====> Planes to modes UVP
 t=   6451.54850115923      =====> Planes to modes NUVP
 t=   6451.55463416656      =====> Derivatives
 t=   6451.55565499912      =====> CFL and Stats
 solving u
 solving w
 solving v
 t=   6451.56725407307      =====> Interpolating
 t=   6451.57605034624      =====> Modes to planes
 t=   6451.58753244624      =====> Spectra
 t=   6451.58753925723      =====> Record Out
 t=   6451.58754050423      =====> Ops in Planes
 t=   6484.23583694329      =====> Planes to modes UVP
 t=   6492.63946557890      =====> Planes to modes NUVP
 t=   6492.64586437912      =====> Derivatives
 t=   6492.64694425165      =====> CFL and Stats
 solving u
 solving w
 solving v
 t=   6492.65868928553      =====> Interpolating
 t=   6492.66771946660      =====> Modes to planes
 t=   6492.67971057638      =====> Spectra
 t=   6492.67971870638      =====> Record Out
 t=   6492.67972006538      =====> Ops in Planes
 t=   6525.30803816013      =====> Planes to modes UVP
 t=   6533.31354066906      =====> Planes to modes NUVP
 t=   6533.31967921939      =====> Derivatives
 t=   6533.32070020994      =====> CFL and Stats
 solving u
 solving w
 solving v
 t=   6533.33615135822      =====> Interpolating
 t=   6533.34482078144      =====> Modes to planes
 t=   6533.35643564639      =====> Spectra
 t=   6533.35644276338      =====> Record Out
 t=   6533.35644409938      =====> Ops in Planes
 t=   6565.91019903560      =====> Planes to modes UVP
 t=   6573.88319701968      =====> Planes to modes NUVP
 t=   6573.88937904998      =====> Derivatives
 t=   6573.89046455351      =====> CFL and Stats
 solving u
 solving w
 solving v
 t=   6573.90205230647      =====> Interpolating
 t=   6573.91083593664      =====> Modes to planes
 t=   6573.92246311258      =====> Spectra
 t=   6573.92246972158      =====> Record Out
 t=   6573.92247098458      =====> Ops in Planes
 t=   6606.57076226464      =====> Planes to modes UVP
 t=   6614.48735924427      =====> Planes to modes NUVP
 t=   6614.49381297446      =====> Derivatives
 t=   6614.49482489002      =====> CFL and Stats
 solving u
 solving w
 solving v
 t=   6614.50635382400      =====> Interpolating
 t=   6614.51518395116      =====> Modes to planes
 t=   6614.52705798099      =====> Spectra
 t=   6614.52706396198      =====> Record Out
 t=   6614.52706513998      =====> Ops in Planes
 t=   6647.08345972905      =====> Planes to modes UVP
 t=   6655.28390848511      =====> Planes to modes NUVP
 t=   6655.29007259943      =====> Derivatives
 t=   6655.29110853098      =====> CFL and Stats
 solving u
 solving w
 solving v
 t=   6655.30651915427      =====> Interpolating
 t=   6655.31521712848      =====> Modes to planes
 t=   6655.32656711054      =====> Spectra
 t=   6655.32657439354      =====> Record Out
 t=   6655.32657556954      =====> Ops in Planes
 t=   6687.94008075174      =====> Planes to modes UVP
 t=   6695.94682246613      =====> Planes to modes NUVP
 t=   6695.95335182728      =====> Derivatives
 t=   6695.95438816083      =====> CFL and Stats
 solving u
 solving w
 solving v
 t=   6695.96604923876      =====> Interpolating
 t=   6695.97493225989      =====> Modes to planes
 t=   6695.98643043688      =====> Spectra
 t=   6695.98643790188      =====> Record Out
 t=   6695.98643941388      =====> Ops in Planes
 t=   6728.54177516241      =====> Planes to modes UVP
 t=   6736.48734737842      =====> Planes to modes NUVP
 t=   6736.49349770775      =====> Derivatives
 t=   6736.49452904830      =====> CFL and Stats
 solving u
 solving w
 solving v
 t=   6736.50611052126      =====> Interpolating
 t=   6736.51493686941      =====> Modes to planes
 t=   6736.52658232134      =====> Spectra
 t=   6736.52658844634      =====> Record Out
 t=   6736.52658977834      =====> Ops in Planes
 t=   6768.99842609022      =====> Planes to modes UVP
 t=   6776.94369188637      =====> Planes to modes NUVP
 t=   6776.94983088770      =====> Derivatives
 t=   6776.95087088524      =====> CFL and Stats
 solving u
 solving w
 solving v
 t=   6776.96611942961      =====> Interpolating
 t=   6776.97496269576      =====> Modes to planes
 t=   6776.98644658276      =====> Spectra
 t=   6776.98645251175      =====> Record Out
 t=   6776.98645375075      =====> Ops in Planes
 t=   6809.42477099522      =====> Planes to modes UVP
 t=   6817.41808587346      =====> Planes to modes NUVP
 t=   6817.42421205979      =====> Derivatives
 t=   6817.42523702334      =====> CFL and Stats
 solving u
 solving w
 solving v
 t=   6817.43681269030      =====> Interpolating
 t=   6817.44565321545      =====> Modes to planes
 t=   6817.45718285944      =====> Spectra
 t=   6817.45718995543      =====> Record Out
 t=   6817.45719122043      =====> Ops in Planes
 t=   6849.90141142933      =====> Planes to modes UVP
 t=   6857.88361350140      =====> Planes to modes NUVP
 t=   6857.88978229972      =====> Derivatives
 t=   6857.89081324127      =====> CFL and Stats
 solving u
 solving w
 solving v
 t=   6857.90232896525      =====> Interpolating
 t=   6857.91113714642      =====> Modes to planes
 t=   6857.92265078741      =====> Spectra
 t=   6857.92265679740      =====> Record Out
 t=   6857.92265841840      =====> Ops in Planes
 t=   6890.34984720372      =====> Planes to modes UVP
 t=   6898.32622152633      =====> Planes to modes NUVP
 t=   6898.33240384963      =====> Derivatives
 t=   6898.33344650818      =====> CFL and Stats
 solving u
 solving w
 solving v
 t=   6898.34878198950      =====> Interpolating
 t=   6898.35763390265      =====> Modes to planes
 t=   6898.36938329954      =====> Spectra
 t=   6898.36939066753      =====> Record Out
 t=   6898.36939201653      =====> Ops in Planes
 t=   6930.78850554336      =====> Planes to modes UVP
 t=   6938.76798974662      =====> Planes to modes NUVP
 t=   6938.77415826693      =====> Derivatives
 t=   6938.77520703147      =====> CFL and Stats
 solving u
 solving w
 solving v
 t=   6938.78679793143      =====> Interpolating
 t=   6938.79560289459      =====> Modes to planes
 t=   6938.80701145063      =====> Spectra
 t=   6938.80701827563      =====> Record Out
 t=   6938.80701948362      =====> Ops in Planes
 t=   6971.26317845533      =====> Planes to modes UVP
 t=   6979.20388638546      =====> Planes to modes NUVP
 t=   6979.21006520777      =====> Derivatives
 t=   6979.21120882727      =====> CFL and Stats
 solving u
 solving w
 solving v
 t=   6979.22292166717      =====> Interpolating
 t=   6979.23161037639      =====> Modes to planes
 t=   6979.24314782937      =====> Spectra
 t=   6979.24315426837      =====> Record Out
 t=   6979.24315553437      =====> Ops in Planes
 t=   7011.66270255401      =====> Planes to modes UVP
 t=   7019.63422026473      =====> Planes to modes NUVP
 t=   7019.64033070107      =====> Derivatives
 t=   7019.64136323262      =====> CFL and Stats
 solving u
 solving w
 solving v
 t=   7019.65679976790      =====> Interpolating
 t=   7019.66548178012      =====> Modes to planes
 t=   7019.67754359687      =====> Spectra
 t=   7019.67755097187      =====> Record Out
 t=   7019.67755240687      =====> Ops in Planes
 t=   7052.10100737681      =====> Planes to modes UVP
 t=   7060.12671780693      =====> Planes to modes NUVP
 t=   7060.13285155626      =====> Derivatives
 t=   7060.13398293177      =====> CFL and Stats
 solving u
 solving w
 solving v
 t=   7060.14556487673      =====> Interpolating
 t=   7060.15426603794      =====> Modes to planes
 t=   7060.16582802591      =====> Spectra
 t=   7060.16583421191      =====> Record Out
 t=   7060.16583552491      =====> Ops in Planes
 t=   7093.30230523545      =====> Planes to modes UVP
 t=   7101.35351968947      =====> Planes to modes NUVP
 t=   7101.35968203779      =====> Derivatives
 t=   7101.36069344635      =====> CFL and Stats
 solving u
 solving w
 solving v
 t=   7101.37227137331      =====> Interpolating
 t=   7101.38112051946      =====> Modes to planes
 t=   7101.39262758545      =====> Spectra
 t=   7101.39263450244      =====> Record Out
 t=   7101.39263576744      =====> Ops in Planes
 t=   7133.83330619889      =====> Planes to modes UVP
 t=   7141.83057088440      =====> Planes to modes NUVP
 t=   7141.83674923971      =====> Derivatives
 t=   7141.83776314627      =====> CFL and Stats
 solving u
 solving w
 solving v
 t=   7141.85307758760      =====> Interpolating
 t=   7141.86192158575      =====> Modes to planes
 t=   7141.87342606574      =====> Spectra
 t=   7141.87343291674      =====> Record Out
 t=   7141.87343427174      =====> Ops in Planes
 t=   7174.30732118214      =====> Planes to modes UVP
 t=   7182.30456802866      =====> Planes to modes NUVP
 t=   7182.31068644600      =====> Derivatives
 t=   7182.31171533355      =====> CFL and Stats
 solving u
 solving w
 solving v
 t=   7182.32343426445      =====> Interpolating
 t=   7182.33241609754      =====> Modes to planes
 t=   7182.34395339251      =====> Spectra
 t=   7182.34395891251      =====> Record Out
 t=   7182.34396027151      =====> Ops in Planes
 t=   7214.77452821436      =====> Planes to modes UVP
 t=   7222.74687153072      =====> Planes to modes NUVP
 t=   7222.75301829504      =====> Derivatives
 t=   7222.75404894159      =====> CFL and Stats
 solving u
 solving w
 solving v
 t=   7222.76560832156      =====> Interpolating
 t=   7222.77442095272      =====> Modes to planes
 t=   7222.78583398576      =====> Spectra
 t=   7222.78584096675      =====> Record Out
 t=   7222.78584221875      =====> Ops in Planes
 t=   7255.23229556668      =====> Planes to modes UVP
 t=   7263.18417564695      =====> Planes to modes NUVP
 t=   7263.19032796127      =====> Derivatives
 t=   7263.19136017882      =====> CFL and Stats
 solving u
 solving w
 solving v
 t=   7263.20681272110      =====> Interpolating
 t=   7263.21562390626      =====> Modes to planes
 t=   7263.22714675324      =====> Spectra
 t=   7263.22715283424      =====> Record Out
 t=   7263.22715452824      =====> Ops in Planes
 t=   7295.68132877881      =====> Planes to modes UVP
 t=   7303.61200251531      =====> Planes to modes NUVP
 t=   7303.61811401765      =====> Derivatives
 t=   7303.61915684019      =====> CFL and Stats
 solving u
 solving w
 solving v
 t=   7303.63069612817      =====> Interpolating
 t=   7303.63951040633      =====> Modes to planes
 t=   7303.65098433234      =====> Spectra
 t=   7303.65099130034      =====> Record Out
 t=   7303.65099266834      =====> Ops in Planes
 t=   7336.08830216325      =====> Planes to modes UVP
 t=   7344.03393003624      =====> Planes to modes NUVP
 t=   7344.04008373356      =====> Derivatives
 t=   7344.04121700406      =====> CFL and Stats
 solving u
 solving w
 solving v
 t=   7344.05281075402      =====> Interpolating
 t=   7344.06151486423      =====> Modes to planes
 t=   7344.07321047914      =====> Spectra
 t=   7344.07444021660      =====> Record Out
 t=   7344.07444359060      =====> Ops in Planes
 t=   7376.51819111171      =====> Planes to modes UVP
 t=   7384.45657868985      =====> Planes to modes NUVP
 t=   7384.46268656519      =====> Derivatives
 t=   7384.46372643174      =====> CFL and Stats
 solving u
 solving w
 solving v
 t=   7384.52863755048      =====> Interpolating
 t=   7384.53721081775      =====> Modes to planes
 t=   7384.54847690684      =====> Spectra
 t=   7384.54848297384      =====> Record Out
 t=   7384.54848426784      =====> Ops in Planes
 t=   7416.97790598618      =====> Planes to modes UVP
 t=   7424.91707677899      =====> Planes to modes NUVP
 t=   7424.92355890616      =====> Derivatives
 t=   7424.92460950571      =====> CFL and Stats
 solving u
 solving w
 solving v
 t=   7424.93620445966      =====> Interpolating
 t=   7424.94500718783      =====> Modes to planes
 t=   7424.95653948881      =====> Spectra
 t=   7424.95654542480      =====> Record Out
 t=   7424.95654669580      =====> Ops in Planes
 t=   7457.38575236924      =====> Planes to modes UVP
 t=   7465.32237122315      =====> Planes to modes NUVP
 t=   7465.32849847649      =====> Derivatives
 t=   7465.32953855603      =====> CFL and Stats
 solving u
 solving w
 solving v
 t=   7465.34117484397      =====> Interpolating
 t=   7465.35002394812      =====> Modes to planes
 t=   7465.36160715507      =====> Spectra
 t=   7465.36161314107      =====> Record Out
 t=   7465.36161458807      =====> Ops in Planes
 t=   7497.78480593812      =====> Planes to modes UVP
 t=   7505.72944363455      =====> Planes to modes NUVP
 t=   7505.73567873883      =====> Derivatives
 t=   7505.73672241938      =====> CFL and Stats
 solving u
 solving w
 solving v
 t=   7505.75203150471      =====> Interpolating
 t=   7505.76086599687      =====> Modes to planes
 t=   7505.77227349790      =====> Spectra
 t=   7505.77227989090      =====> Record Out
 t=   7505.77228148890      =====> Ops in Planes
 t=   7538.18191884485      =====> Planes to modes UVP
 t=   7546.10914786386      =====> Planes to modes NUVP
 t=   7546.11530604617      =====> Derivatives
 t=   7546.11633789973      =====> CFL and Stats
 solving u
 solving w
 solving v
 t=   7546.12789343270      =====> Interpolating
 t=   7546.13670484686      =====> Modes to planes
 t=   7546.14810022190      =====> Spectra
 t=   7546.14810621190      =====> Record Out
 t=   7546.14810758290      =====> Ops in Planes
 t=   7578.56754779158      =====> Planes to modes UVP
 t=   7586.50875555150      =====> Planes to modes NUVP
 t=   7586.51493140581      =====> Derivatives
 t=   7586.51597162936      =====> CFL and Stats
 solving u
 solving w
 solving v
 t=   7586.52759277730      =====> Interpolating
 t=   7586.53640901046      =====> Modes to planes
 t=   7586.54792992645      =====> Spectra
 t=   7586.54793709044      =====> Record Out
 t=   7586.54793845644      =====> Ops in Planes
 t=   7618.95924413867      =====> Planes to modes UVP
 t=   7626.91130267986      =====> Planes to modes NUVP
 t=   7626.91744872819      =====> Derivatives
 t=   7626.91848015774      =====> CFL and Stats
 solving u
 solving w
 solving v
 t=   7626.93392640001      =====> Interpolating
 t=   7626.94271727519      =====> Modes to planes
 t=   7626.95422212518      =====> Spectra
 t=   7626.95422659318      =====> Record Out
 t=   7626.95422796218      =====> Ops in Planes
 t=   7659.37786787204      =====> Planes to modes UVP
 t=   7667.32714601244      =====> Planes to modes NUVP
 t=   7667.33330434176      =====> Derivatives
 t=   7667.33433208631      =====> CFL and Stats
 solving u
 solving w
 solving v
 t=   7667.34579354432      =====> Interpolating
 t=   7667.35451277953      =====> Modes to planes
 t=   7667.36591171356      =====> Spectra
 t=   7667.36592005756      =====> Record Out
 t=   7667.36592138256      =====> Ops in Planes
 t=   7699.77914802295      =====> Planes to modes UVP
 t=   7707.74052198409      =====> Planes to modes NUVP
 t=   7707.74691836830      =====> Derivatives
 t=   7707.74795812185      =====> CFL and Stats
 solving u
 solving w
 solving v
 t=   7707.75948184684      =====> Interpolating
 t=   7707.76817740205      =====> Modes to planes
 t=   7707.77990533194      =====> Spectra
 t=   7707.77991304894      =====> Record Out
 t=   7707.77991426794      =====> Ops in Planes
 t=   7740.21190407217      =====> Planes to modes UVP
 t=   7748.13688473615      =====> Planes to modes NUVP
 t=   7748.14301395848      =====> Derivatives
 t=   7748.14404838603      =====> CFL and Stats
 solving u
 solving w
 solving v
 t=   7748.15927513140      =====> Interpolating
 t=   7748.16809073356      =====> Modes to planes
 t=   7748.17951543459      =====> Spectra
 t=   7748.17952200258      =====> Record Out
 t=   7748.17952330258      =====> Ops in Planes
 t=   7780.60870737803      =====> Planes to modes UVP
 t=   7788.53575826911      =====> Planes to modes NUVP
 t=   7788.54212513134      =====> Derivatives
 t=   7788.54316632988      =====> CFL and Stats
 solving u
 solving w
 solving v
 t=   7788.55472431285      =====> Interpolating
 t=   7788.56400651081      =====> Modes to planes
 t=   7788.57595317961      =====> Spectra
 t=   7788.57595855661      =====> Record Out
 t=   7788.57595986361      =====> Ops in Planes
 t=   7821.00988919699      =====> Planes to modes UVP
 t=   7828.95435577749      =====> Planes to modes NUVP
 t=   7828.96047456082      =====> Derivatives
 t=   7828.96150316837      =====> CFL and Stats
 solving u
 solving w
 solving v
 t=   7828.97309548433      =====> Interpolating
 t=   7828.98191602949      =====> Modes to planes
 t=   7828.99344243747      =====> Spectra
 t=   7828.99344842447      =====> Record Out
 t=   7828.99344961747      =====> Ops in Planes
 t=   7861.40892240888      =====> Planes to modes UVP
 t=   7869.34932029715      =====> Planes to modes NUVP
 t=   7869.35546648547      =====> Derivatives
 t=   7869.35650985402      =====> CFL and Stats
 solving u
 solving w
 solving v
 t=   7869.37166994442      =====> Interpolating
 t=   7869.38051577457      =====> Modes to planes
 t=   7869.39216658550      =====> Spectra
 t=   7869.39217196150      =====> Record Out
 t=   7869.39217321549      =====> Ops in Planes
 t=   7901.80977034899      =====> Planes to modes UVP
 t=   7909.74710555859      =====> Planes to modes NUVP
 t=   7909.75320457893      =====> Derivatives
 t=   7909.75424629148      =====> CFL and Stats
 solving u
 solving w
 solving v
 t=   7909.76582887844      =====> Interpolating
 t=   7909.77461027161      =====> Modes to planes
 t=   7909.78612212060      =====> Spectra
 t=   7909.78612903960      =====> Record Out
 t=   7909.78613041460      =====> Ops in Planes
 t=   7942.19676580612      =====> Planes to modes UVP
 t=   7950.14415394634      =====> Planes to modes NUVP
 t=   7950.15065965251      =====> Derivatives
 t=   7950.15170150006      =====> CFL and Stats
 solving u
 solving w
 solving v
 t=   7950.16327818002      =====> Interpolating
 t=   7950.17198072623      =====> Modes to planes
 t=   7950.18338919226      =====> Spectra
 t=   7950.18339710526      =====> Record Out
 t=   7950.18339829326      =====> Ops in Planes
 t=   7982.59772982017      =====> Planes to modes UVP
 t=   7990.53149970433      =====> Planes to modes NUVP
 t=   7990.53762591366      =====> Derivatives
 t=   7990.53866634421      =====> CFL and Stats
 solving u
 solving w
 solving v
 t=   7990.55391895257      =====> Interpolating
 t=   7990.56262679378      =====> Modes to planes
 t=   7990.57408549779      =====> Spectra
 t=   7990.57409375278      =====> Record Out
 t=   7990.57409504078      =====> Ops in Planes
 t=   8022.98889121349      =====> Planes to modes UVP
 t=   8030.91198638630      =====> Planes to modes NUVP
 t=   8030.91826246056      =====> Derivatives
 t=   8030.91929519711      =====> CFL and Stats
 solving u
 solving w
 solving v
 t=   8030.93076055312      =====> Interpolating
 t=   8030.93949659532      =====> Modes to planes
 t=   8030.95091090135      =====> Spectra
 t=   8030.95091866235      =====> Record Out
 t=   8030.95092000935      =====> Ops in Planes
 t=   8063.37786838077      =====> Planes to modes UVP
 t=   8071.32123652274      =====> Planes to modes NUVP
 t=   8071.32771323992      =====> Derivatives
 t=   8071.32874744847      =====> CFL and Stats
 solving u
 solving w
 solving v
 t=   8071.34029633744      =====> Interpolating
 t=   8071.34911113961      =====> Modes to planes
 t=   8071.36071055056      =====> Spectra
 t=   8071.36071678155      =====> Record Out
 t=   8071.36071807455      =====> Ops in Planes
 t=   8103.77631400491      =====> Planes to modes UVP
 t=   8111.73001212439      =====> Planes to modes NUVP
 t=   8111.73633982964      =====> Derivatives
 t=   8111.73737382619      =====> CFL and Stats
 solving u
 solving w
 solving v
 t=   8111.75271819751      =====> Interpolating
 t=   8111.76149593069      =====> Modes to planes
 t=   8111.77293692271      =====> Spectra
 t=   8111.77294440470      =====> Record Out
 t=   8111.77294567170      =====> Ops in Planes
 t=   8144.17650229231      =====> Planes to modes UVP
 t=   8152.15729599899      =====> Planes to modes NUVP
 t=   8152.16341564032      =====> Derivatives
 t=   8152.16457168282      =====> CFL and Stats
 solving u
 solving w
 solving v
 t=   8152.17605183682      =====> Interpolating
 t=   8152.18479514202      =====> Modes to planes
 t=   8152.19646086794      =====> Spectra
 t=   8152.19646887493      =====> Record Out
 t=   8152.19647033193      =====> Ops in Planes
 t=   8184.62139673023      =====> Planes to modes UVP
 t=   8192.58658036971      =====> Planes to modes NUVP
 t=   8192.59298041693      =====> Derivatives
 t=   8192.59401831548      =====> CFL and Stats
 solving u
 solving w
 solving v
 t=   8192.60561638843      =====> Interpolating
 t=   8192.61441805959      =====> Modes to planes
 t=   8192.62591651359      =====> Spectra
 t=   8192.62592227759      =====> Record Out
 t=   8192.62592347059      =====> Ops in Planes
 t=   8225.03242008791      =====> Planes to modes UVP
 t=   8232.99612551003      =====> Planes to modes NUVP
 t=   8233.00244286628      =====> Derivatives
 t=   8233.00346900883      =====> CFL and Stats
 solving u
 solving w
 solving v
 t=   8233.01884221714      =====> Interpolating
 t=   8233.02762783932      =====> Modes to planes
 t=   8233.03909884032      =====> Spectra
 t=   8233.03910537932      =====> Record Out
 t=   8233.03910669732      =====> Ops in Planes
 t=   8265.44817307852      =====> Planes to modes UVP
 t=   8273.41114747297      =====> Planes to modes NUVP
 t=   8273.41729830229      =====> Derivatives
 t=   8273.41832320684      =====> CFL and Stats
 solving u
 solving w
 solving v
 t=   8273.42991603379      =====> Interpolating
 t=   8273.43883243691      =====> Modes to planes
 t=   8273.45022270495      =====> Spectra
 t=   8273.45022951495      =====> Record Out
 t=   8273.45023095995      =====> Ops in Planes
 t=   8305.87021468540      =====> Planes to modes UVP
 t=   8313.83727838906      =====> Planes to modes NUVP
 t=   8313.84353447234      =====> Derivatives
 t=   8313.84455161290      =====> CFL and Stats
 solving u
 solving w
 solving v
 t=   8313.85614748085      =====> Interpolating
 t=   8313.86500703299      =====> Modes to planes
 t=   8313.87657460796      =====> Spectra
 t=   8313.87658173995      =====> Record Out
 t=   8313.87658321595      =====> Ops in Planes
 t=   8346.29057699301      =====> Planes to modes UVP
 t=   8354.25022565490      =====> Planes to modes NUVP
 t=   8354.25637441722      =====> Derivatives
 t=   8354.25741948477      =====> CFL and Stats
 solving u
 solving w
 solving v
 t=   8354.27281365706      =====> Interpolating
 t=   8354.28164966822      =====> Modes to planes
 t=   8354.29320692219      =====> Spectra
 t=   8354.29321350118      =====> Record Out
 t=   8354.29321509618      =====> Ops in Planes
 t=   8386.71755487274      =====> Planes to modes UVP
 t=   8394.67464978974      =====> Planes to modes NUVP
 t=   8394.68082824705      =====> Derivatives
 t=   8394.68185614960      =====> CFL and Stats
 solving u
 solving w
 solving v
 t=   8394.69346695455      =====> Interpolating
 t=   8394.70269708653      =====> Modes to planes
 t=   8394.71438728144      =====> Spectra
 t=   8394.71439449144      =====> Record Out
 t=   8394.71439573344      =====> Ops in Planes
 t=   8427.17075578905      =====> Planes to modes UVP
 t=   8435.09443093960      =====> Planes to modes NUVP
 t=   8435.10053709694      =====> Derivatives
 t=   8435.10165300346      =====> CFL and Stats
 solving u
 solving w
 solving v
 t=   8435.11385851214      =====> Interpolating
 t=   8435.12283730823      =====> Modes to planes
 t=   8435.13435418422      =====> Spectra
 t=   8435.13436035922      =====> Record Out
 t=   8435.13436179222      =====> Ops in Planes
 t=   8467.57162236815      =====> Planes to modes UVP
 t=   8475.49190684417      =====> Planes to modes NUVP
 t=   8475.49811116947      =====> Derivatives
 t=   8475.49920068900      =====> CFL and Stats
 solving u
 solving w
 solving v
 t=   8475.51495999714      =====> Interpolating
 t=   8475.52374840131      =====> Modes to planes
 t=   8475.53527359529      =====> Spectra
 t=   8475.53528106529      =====> Record Out
 t=   8475.53528245329      =====> Ops in Planes
 t=   8507.97112323084      =====> Planes to modes UVP
 t=   8515.90167718739      =====> Planes to modes NUVP
 t=   8515.90776318074      =====> Derivatives
 t=   8515.90879454929      =====> CFL and Stats
 solving u
 solving w
 solving v
 t=   8515.92055515817      =====> Interpolating
 t=   8515.92923871439      =====> Modes to planes
 t=   8515.94072927839      =====> Spectra
 t=   8515.94073788739      =====> Record Out
 t=   8515.94073921439      =====> Ops in Planes
 t=   8548.36476147208      =====> Planes to modes UVP
 t=   8556.29028389382      =====> Planes to modes NUVP
 t=   8556.29646904913      =====> Derivatives
 t=   8556.29750903168      =====> CFL and Stats
 solving u
 solving w
 solving v
 t=   8556.30892276371      =====> Interpolating
 t=   8556.31764244791      =====> Modes to planes
 t=   8556.32904374495      =====> Spectra
 t=   8556.32905142595      =====> Record Out
 t=   8556.32905288395      =====> Ops in Planes
 t=   8588.74332651588      =====> Planes to modes UVP
 t=   8596.67563613167      =====> Planes to modes NUVP
 t=   8596.68179755099      =====> Derivatives
 t=   8596.68283295954      =====> CFL and Stats
 solving u
 solving w
 solving v
 t=   8596.69801497693      =====> Interpolating
 t=   8596.70671818114      =====> Modes to planes
 t=   8596.71814849217      =====> Spectra
 t=   8596.71815475016      =====> Record Out
 t=   8596.71815599116      =====> Ops in Planes
 t=   8629.12860362177      =====> Planes to modes UVP
 t=   8637.08461041124      =====> Planes to modes NUVP
 t=   8637.09072427758      =====> Derivatives
 t=   8637.09175114213      =====> CFL and Stats
 solving u
 solving w
 solving v
 t=   8637.10331548510      =====> Interpolating
 t=   8637.11213164326      =====> Modes to planes
 t=   8637.12352503430      =====> Spectra
 t=   8637.12353169130      =====> Record Out
 t=   8637.12353293529      =====> Ops in Planes
 t=   8669.53678481568      =====> Planes to modes UVP
 t=   8677.48429354185      =====> Planes to modes NUVP
 t=   8677.49048653015      =====> Derivatives
 t=   8677.49154046969      =====> CFL and Stats
 solving u
 solving w
 solving v
 t=   8677.50308132567      =====> Interpolating
 t=   8677.51188209484      =====> Modes to planes
 t=   8677.52343872681      =====> Spectra
 t=   8677.52344505781      =====> Record Out
 t=   8677.52344646680      =====> Ops in Planes
 t=   8709.94012695870      =====> Planes to modes UVP
 t=   8717.87816445099      =====> Planes to modes NUVP
 t=   8717.88441430827      =====> Derivatives
 t=   8717.88545010182      =====> CFL and Stats
 solving u
 solving w
 solving v
 t=   8717.90076779015      =====> Interpolating
 t=   8717.90958726531      =====> Modes to planes
 t=   8717.92097789435      =====> Spectra
 t=   8717.92098508935      =====> Record Out
 t=   8717.92098646435      =====> Ops in Planes
 t=   8750.34255203611      =====> Planes to modes UVP
 t=   8758.29786279389      =====> Planes to modes NUVP
 t=   8758.30396079323      =====> Derivatives
 t=   8758.30499436678      =====> CFL and Stats
 solving u
 solving w
 solving v
 t=   8758.31656922174      =====> Interpolating
 t=   8758.32536910891      =====> Modes to planes
 t=   8758.33675417296      =====> Spectra
 t=   8758.33676068695      =====> Record Out
 t=   8758.33676196696      =====> Ops in Planes
 t=   8790.76476960691      =====> Planes to modes UVP
 t=   8798.70761998811      =====> Planes to modes NUVP
 t=   8798.71384396840      =====> Derivatives
 t=   8798.71487589295      =====> CFL and Stats
 solving u
 solving w
 solving v
 t=   8798.72641996893      =====> Interpolating
 t=   8798.73520772910      =====> Modes to planes
 t=   8798.74660952714      =====> Spectra
 t=   8798.74661607114      =====> Record Out
 t=   8798.74661746114      =====> Ops in Planes
 t=   8831.16157292778      =====> Planes to modes UVP
 t=   8839.10572087941      =====> Planes to modes NUVP
 t=   8839.11185258074      =====> Derivatives
 t=   8839.11289270629      =====> CFL and Stats
 solving u
 solving w
 solving v
 t=   8839.12817957064      =====> Interpolating
 t=   8839.13699804380      =====> Modes to planes
 t=   8839.14832169087      =====> Spectra
 t=   8839.14832847187      =====> Record Out
 t=   8839.14832984186      =====> Ops in Planes
 t=   8871.55704662522      =====> Planes to modes UVP
 t=   8879.51166490030      =====> Planes to modes NUVP
 t=   8879.51816343447      =====> Derivatives
 t=   8879.51919415002      =====> CFL and Stats
 solving u
 solving w
 solving v
 t=   8879.53079357297      =====> Interpolating
 t=   8879.53965421711      =====> Modes to planes
 t=   8879.55115198711      =====> Spectra
 t=   8879.55115808711      =====> Record Out
 t=   8879.55115957410      =====> Ops in Planes
 t=   8911.96570025893      =====> Planes to modes UVP
 t=   8919.91061959223      =====> Planes to modes NUVP
 t=   8919.91676221555      =====> Derivatives
 t=   8919.91779870010      =====> CFL and Stats
 solving u
 solving w
 solving v
 t=   8919.92939185405      =====> Interpolating
 t=   8919.93820182022      =====> Modes to planes
 t=   8919.94957538527      =====> Spectra
 t=   8919.94958118426      =====> Record Out
 t=   8919.94958256326      =====> Ops in Planes
 t=   8952.37158911184      =====> Planes to modes UVP
 t=   8960.31107703650      =====> Planes to modes NUVP
 t=   8960.31718573184      =====> Derivatives
 t=   8960.31821154439      =====> CFL and Stats
 solving u
 solving w
 solving v
 t=   8960.33346416375      =====> Interpolating
 t=   8960.34227375592      =====> Modes to planes
 t=   8960.35368674695      =====> Spectra
 t=   8960.35369265895      =====> Record Out
 t=   8960.35369385995      =====> Ops in Planes
 t=   8992.76058868910      =====> Planes to modes UVP
 t=   9000.71461244843      =====> Planes to modes NUVP
 t=   9000.72074043177      =====> Derivatives
 t=   9000.72176969332      =====> CFL and Stats
 solving u
 solving w
 solving v
 t=   9000.73329396930      =====> Interpolating
 t=   9000.74210497647      =====> Modes to planes
 t=   9000.75350198950      =====> Spectra
 t=   9000.75350830450      =====> Record Out
 t=   9000.75350960650      =====> Ops in Planes
 t=   9033.15380150152      =====> Planes to modes UVP
 t=   9041.10509340705      =====> Planes to modes NUVP
 t=   9041.11126864036      =====> Derivatives
 t=   9041.11230376591      =====> CFL and Stats
 solving u
 solving w
 solving v
 t=   9041.12394485584      =====> Interpolating
 t=   9041.13280185399      =====> Modes to planes
 t=   9041.14432206597      =====> Spectra
 t=   9041.14432798397      =====> Record Out
 t=   9041.14432957597      =====> Ops in Planes
 t=   9073.56065844701      =====> Planes to modes UVP
 t=   9081.49843585842      =====> Planes to modes NUVP
 t=   9081.50457802075      =====> Derivatives
 t=   9081.50560634430      =====> CFL and Stats
 solving u
 solving w
 solving v
 t=   9081.52101426759      =====> Interpolating
 t=   9081.52972291780      =====> Modes to planes
 t=   9081.54106270887      =====> Spectra
 t=   9081.54107114686      =====> Record Out
 t=   9081.54107253086      =====> Ops in Planes
 t=   9113.96174344701      =====> Planes to modes UVP
 t=   9121.92354907896      =====> Planes to modes NUVP
 t=   9121.92971125428      =====> Derivatives
 t=   9121.93073912783      =====> CFL and Stats
 solving u
 solving w
 solving v
 t=   9121.94230957779      =====> Interpolating
 t=   9121.95112986396      =====> Modes to planes
 t=   9121.96255141398      =====> Spectra
 t=   9121.96255740498      =====> Record Out
 t=   9121.96255868798      =====> Ops in Planes
 t=   9154.38202093066      =====> Planes to modes UVP
 t=   9162.31243715227      =====> Planes to modes NUVP
 t=   9162.31856514560      =====> Derivatives
 t=   9162.31959617916      =====> CFL and Stats
 solving u
 solving w
 solving v
 t=   9162.33115824512      =====> Interpolating
 t=   9162.33995072330      =====> Modes to planes
 t=   9162.35140951531      =====> Spectra
 t=   9162.35141545530      =====> Record Out
 t=   9162.35141692830      =====> Ops in Planes
 t=   9194.76694577769      =====> Planes to modes UVP
 t=   9202.71151602315      =====> Planes to modes NUVP
 t=   9202.71765473247      =====> Derivatives
 t=   9202.71868332203      =====> CFL and Stats
 solving u
 solving w
 solving v
 t=   9202.73407954732      =====> Interpolating
 t=   9202.74285065051      =====> Modes to planes
 t=   9202.75421021956      =====> Spectra
 t=   9202.75421604056      =====> Record Out
 t=   9202.75421758556      =====> Ops in Planes
 t=   9235.18143568986      =====> Planes to modes UVP
 t=   9243.11577604976      =====> Planes to modes NUVP
 t=   9243.12195058108      =====> Derivatives
 t=   9243.12296577064      =====> CFL and Stats
 solving u
 solving w
 solving v
 t=   9243.13454304559      =====> Interpolating
 t=   9243.14333949477      =====> Modes to planes
 t=   9243.15482018277      =====> Spectra
 t=   9243.15482786676      =====> Record Out
 t=   9243.15482920376      =====> Ops in Planes
 t=   9275.57559765587      =====> Planes to modes UVP
 t=   9283.52193531456      =====> Planes to modes NUVP
 t=   9283.52810993187      =====> Derivatives
 t=   9283.52915174142      =====> CFL and Stats
 solving u
 solving w
 solving v
 t=   9283.54077227136      =====> Interpolating
 t=   9283.54957540352      =====> Modes to planes
 t=   9283.56111363450      =====> Spectra
 t=   9283.56112067950      =====> Record Out
 t=   9283.56112201150      =====> Ops in Planes
 t=   9315.97857388205      =====> Planes to modes UVP
 t=   9323.91452431225      =====> Planes to modes NUVP
 t=   9323.92067534058      =====> Derivatives
 t=   9323.92180342209      =====> CFL and Stats
 solving u
 solving w
 solving v
 t=   9323.93709712643      =====> Interpolating
 t=   9323.94593224858      =====> Modes to planes
 t=   9323.95913089484      =====> Spectra
 t=   9323.95914013483      =====> Record Out
 t=   9323.95914174283      =====> Ops in Planes
 t=   9356.38891796602      =====> Planes to modes UVP
 t=   9364.32185061454      =====> Planes to modes NUVP
 t=   9364.32795376288      =====> Derivatives
 t=   9364.32898040344      =====> CFL and Stats
 solving u
 solving w
 solving v
 t=   9364.34056902039      =====> Interpolating
 t=   9364.34939475855      =====> Modes to planes
 t=   9364.36095264052      =====> Spectra
 t=   9364.36095885551      =====> Record Out
 t=   9364.36096018651      =====> Ops in Planes
 t=   9396.78792068593      =====> Planes to modes UVP
 t=   9404.71104215972      =====> Planes to modes NUVP
 t=   9404.71713510706      =====> Derivatives
 t=   9404.71817383061      =====> CFL and Stats
 solving u
 solving w
 solving v
 t=   9404.72972700358      =====> Interpolating
 t=   9404.73853507775      =====> Modes to planes
 t=   9404.75002694375      =====> Spectra
 t=   9404.75003378774      =====> Record Out
 t=   9404.75003510674      =====> Ops in Planes
 t=   9437.16514381332      =====> Planes to modes UVP
 t=   9445.11505091344      =====> Planes to modes NUVP
 t=   9445.12115508079      =====> Derivatives
 t=   9445.12219452433      =====> CFL and Stats
 solving u
 solving w
 solving v
 t=   9445.13742721570      =====> Interpolating
 t=   9445.14616164490      =====> Modes to planes
 t=   9445.15773628686      =====> Spectra
 t=   9445.15774178386      =====> Record Out
 t=   9445.15774311486      =====> Ops in Planes
 t=   9477.55882882354      =====> Planes to modes UVP
 t=   9485.50703847440      =====> Planes to modes NUVP
 t=   9485.51326087870      =====> Derivatives
 t=   9485.51428771625      =====> CFL and Stats
 solving u
 solving w
 solving v
 t=   9485.52587084221      =====> Interpolating
 t=   9485.53467573937      =====> Modes to planes
 t=   9485.54603136943      =====> Spectra
 t=   9485.54603746843      =====> Record Out
 t=   9485.54603891943      =====> Ops in Planes
 t=   9517.95031278972      =====> Planes to modes UVP
 t=   9525.90899465703      =====> Planes to modes NUVP
 t=   9525.91522752031      =====> Derivatives
 t=   9525.91626216086      =====> CFL and Stats
 solving u
 solving w
 solving v
 t=   9525.92784678982      =====> Interpolating
 t=   9525.93665388499      =====> Modes to planes
 t=   9525.94803727303      =====> Spectra
 t=   9525.94804371303      =====> Record Out
 t=   9525.94804498003      =====> Ops in Planes
 t=   9558.35587901577      =====> Planes to modes UVP
 t=   9566.30719038929      =====> Planes to modes NUVP
 t=   9566.31338497159      =====> Derivatives
 t=   9566.31440259415      =====> CFL and Stats
 solving u
 solving w
 solving v
 t=   9566.32985307042      =====> Interpolating
 t=   9566.33865268959      =====> Modes to planes
 t=   9566.35009300161      =====> Spectra
 t=   9566.35009963161      =====> Record Out
 t=   9566.35010130661      =====> Ops in Planes
 t=   9598.76526102616      =====> Planes to modes UVP
 t=   9606.71121770801      =====> Planes to modes NUVP
 t=   9606.71730191336      =====> Derivatives
 t=   9606.71832500891      =====> CFL and Stats
 solving u
 solving w
 solving v
 t=   9606.72991679386      =====> Interpolating
 t=   9606.73876191301      =====> Modes to planes
 t=   9606.75027980100      =====> Spectra
 t=   9606.75028627300      =====> Record Out
 t=   9606.75028757000      =====> Ops in Planes
 t=   9639.16519591366      =====> Planes to modes UVP
 t=   9647.10044464317      =====> Planes to modes NUVP
 t=   9647.10654256151      =====> Derivatives
 t=   9647.10756870507      =====> CFL and Stats
 solving u
 solving w
 solving v
 t=   9647.11924519598      =====> Interpolating
 t=   9647.12793945720      =====> Modes to planes
 t=   9647.13932201324      =====> Spectra
 t=   9647.13932794424      =====> Record Out
 t=   9647.13932929524      =====> Ops in Planes
 t=   9679.55544528138      =====> Planes to modes UVP
 t=   9687.50620609113      =====> Planes to modes NUVP
 t=   9687.51231797547      =====> Derivatives
 t=   9687.51335458502      =====> CFL and Stats
 solving u
 solving w
 solving v
 t=   9687.52880934829      =====> Interpolating
 t=   9687.53759997947      =====> Modes to planes
 t=   9687.54903728849      =====> Spectra
 t=   9687.54904316548      =====> Record Out
 t=   9687.54904455748      =====> Ops in Planes
 t=   9719.96496756070      =====> Planes to modes UVP
 t=   9727.90712136221      =====> Planes to modes NUVP
 t=   9727.91342808746      =====> Derivatives
 t=   9727.91446244901      =====> CFL and Stats
 solving u
 solving w
 solving v
 t=   9727.92603835297      =====> Interpolating
 t=   9727.93486044513      =====> Modes to planes
 t=   9727.94634660413      =====> Spectra
 t=   9727.94635333613      =====> Record Out
 t=   9727.94635495013      =====> Ops in Planes
 t=   9760.36311606098      =====> Planes to modes UVP
 t=   9768.29936776406      =====> Planes to modes NUVP
 t=   9768.30558571535      =====> Derivatives
 t=   9768.30660902290      =====> CFL and Stats
 solving u
 solving w
 solving v
 t=   9768.31820384886      =====> Interpolating
 t=   9768.32700934702      =====> Modes to planes
 t=   9768.33845810104      =====> Spectra
 t=   9768.33970292050      =====> Record Out
 t=   9768.33971056949      =====> Ops in Planes
 t=   9800.75634111840      =====> Planes to modes UVP
 t=   9808.71477745582      =====> Planes to modes NUVP
 t=   9808.72092408814      =====> Derivatives
 t=   9808.72193596370      =====> CFL and Stats
 solving u
 solving w
 solving v
 t=   9808.78654973857      =====> Interpolating
 t=   9808.79515902583      =====> Modes to planes
 t=   9808.80639747793      =====> Spectra
 t=   9808.80640456193      =====> Record Out
 t=   9808.80640581393      =====> Ops in Planes
 t=   9841.24174641670      =====> Planes to modes UVP
 t=   9849.18251223081      =====> Planes to modes NUVP
 t=   9849.18873772910      =====> Derivatives
 t=   9849.18977568664      =====> CFL and Stats
 solving u
 solving w
 solving v
 t=   9849.20132207362      =====> Interpolating
 t=   9849.21014187178      =====> Modes to planes
 t=   9849.22153605382      =====> Spectra
 t=   9849.22154281381      =====> Record Out
 t=   9849.22154402981      =====> Ops in Planes
 t=   9881.63985628399      =====> Planes to modes UVP
 t=   9889.59289688576      =====> Planes to modes NUVP
 t=   9889.59930632797      =====> Derivatives
 t=   9889.60033788152      =====> CFL and Stats
 solving u
 solving w
 solving v
 t=   9889.61188685049      =====> Interpolating
 t=   9889.62070216865      =====> Modes to planes
 t=   9889.63230442260      =====> Spectra
 t=   9889.63231046660      =====> Record Out
 t=   9889.63231185760      =====> Ops in Planes
 t=   9922.05073168873      =====> Planes to modes UVP
 t=   9930.02365770484      =====> Planes to modes NUVP
 t=   9930.02983355415      =====> Derivatives
 t=   9930.03087124670      =====> CFL and Stats
 solving u
 solving w
 solving v
 t=   9930.04609041507      =====> Interpolating
 t=   9930.05489155924      =====> Modes to planes
 t=   9930.06632089927      =====> Spectra
 t=   9930.06632621626      =====> Record Out
 t=   9930.06632752926      =====> Ops in Planes
 t=   9962.48309231712      =====> Planes to modes UVP
 t=   9970.45552164144      =====> Planes to modes NUVP
 t=   9970.46168229676      =====> Derivatives
 t=   9970.46271414931      =====> CFL and Stats
 solving u
 solving w
 solving v
 t=   9970.47433421025      =====> Interpolating
 t=   9970.48312833842      =====> Modes to planes
 t=   9970.49456672744      =====> Spectra
 t=   9970.49457216044      =====> Record Out
 t=   9970.49457365544      =====> Ops in Planes
 t=   10002.9152819276      =====> Planes to modes UVP
 t=   10010.8937141153      =====> Planes to modes NUVP
 t=   10010.8998539996      =====> Derivatives
 t=   10010.9009725801      =====> CFL and Stats
 solving u
 solving w
 solving v
 t=   10010.9125972291      =====> Interpolating
 t=   10010.9212909553      =====> Modes to planes
 t=   10010.9327722403      =====> Spectra
 t=   10010.9327791353      =====> Record Out
 t=   10010.9327804663      =====> Ops in Planes
 t=   10043.3562081052      =====> Planes to modes UVP
 t=   10051.3394545928      =====> Planes to modes NUVP
 t=   10051.3458209651      =====> Derivatives
 t=   10051.3469664386      =====> CFL and Stats
 solving u
 solving w
 solving v
 t=   10051.3638223902      =====> Interpolating
 t=   10051.3727002874      =====> Modes to planes
 t=   10051.3841373924      =====> Spectra
 t=   10051.3841449464      =====> Record Out
 t=   10051.3841464234      =====> Ops in Planes
 t=   10083.8080285491      =====> Planes to modes UVP
 t=   10091.7806839514      =====> Planes to modes NUVP
 t=   10091.7868248967      =====> Derivatives
 t=   10091.7878634062      =====> CFL and Stats
 solving u
 solving w
 solving v
 t=   10091.7998682970      =====> Interpolating
 t=   10091.8089023151      =====> Modes to planes
 t=   10091.8202637921      =====> Spectra
 t=   10091.8202706651      =====> Record Out
 t=   10091.8202719901      =====> Ops in Planes
 t=   10124.2515631027      =====> Planes to modes UVP
 t=   10132.2143716432      =====> Planes to modes NUVP
 t=   10132.2205995025      =====> Derivatives
 t=   10132.2216926020      =====> CFL and Stats
 solving u
 solving w
 solving v
 t=   10132.2335603488      =====> Interpolating
 t=   10132.2423613930      =====> Modes to planes
 t=   10132.2539289750      =====> Spectra
 t=   10132.2539352100      =====> Record Out
 t=   10132.2539365280      =====> Ops in Planes
 t=   10164.6983147908      =====> Planes to modes UVP
 t=   10172.6476473912      =====> Planes to modes NUVP
 t=   10172.6537857375      =====> Derivatives
 t=   10172.6548166840      =====> CFL and Stats
 solving u
 solving w
 solving v
 t=   10172.6702335953      =====> Interpolating
 t=   10172.6789692065      =====> Modes to planes
 t=   10172.6904510425      =====> Spectra
 t=   10172.6904574415      =====> Record Out
 t=   10172.6904587675      =====> Ops in Planes
 t=   10205.1206015676      =====> Planes to modes UVP
 t=   10213.0916262835      =====> Planes to modes NUVP
 t=   10213.0978640528      =====> Derivatives
 t=   10213.0989092453      =====> CFL and Stats
 solving u
 solving w
 solving v
 t=   10213.1104512833      =====> Interpolating
 t=   10213.1192528165      =====> Modes to planes
 t=   10213.1308448324      =====> Spectra
 t=   10213.1308532934      =====> Record Out
 t=   10213.1308545714      =====> Ops in Planes
 t=   10245.5605365496      =====> Planes to modes UVP
 t=   10253.5147710019      =====> Planes to modes NUVP
 t=   10253.5210521642      =====> Derivatives
 t=   10253.5221430307      =====> CFL and Stats
 solving u
 solving w
 solving v
 t=   10253.5341311025      =====> Interpolating
 t=   10253.5429136656      =====> Modes to planes
 t=   10253.5543705747      =====> Spectra
 t=   10253.5543772276      =====> Record Out
 t=   10253.5543788986      =====> Ops in Planes
 t=   10285.9923675093      =====> Planes to modes UVP
 t=   10293.9659933881      =====> Planes to modes NUVP
 t=   10293.9721618344      =====> Derivatives
 t=   10293.9731968649      =====> CFL and Stats
 solving u
 solving w
 solving v
 t=   10293.9886522112      =====> Interpolating
 t=   10293.9973615244      =====> Modes to planes
 t=   10294.0088383524      =====> Spectra
 t=   10294.0088441144      =====> Record Out
 t=   10294.0088455024      =====> Ops in Planes
 t=   10326.4307324830      =====> Planes to modes UVP
 t=   10334.3726186447      =====> Planes to modes NUVP
 t=   10334.3788384519      =====> Derivatives
 t=   10334.3798820875      =====> CFL and Stats
 solving u
 solving w
 solving v
 t=   10334.3914507775      =====> Interpolating
 t=   10334.4002745316      =====> Modes to planes
 t=   10334.4117509536      =====> Spectra
 t=   10334.4117573266      =====> Record Out
 t=   10334.4117589436      =====> Ops in Planes
 t=   10366.8378964714      =====> Planes to modes UVP
 t=   10374.7971732034      =====> Planes to modes NUVP
 t=   10374.8033823317      =====> Derivatives
 t=   10374.8044215153      =====> CFL and Stats
 solving u
 solving w
 solving v
 t=   10374.8160181452      =====> Interpolating
 t=   10374.8248365704      =====> Modes to planes
 t=   10374.8364351533      =====> Spectra
 t=   10374.8364411953      =====> Record Out
 t=   10374.8364426923      =====> Ops in Planes
 t=   10407.2474064787      =====> Planes to modes UVP
 t=   10415.2193256233      =====> Planes to modes NUVP
 t=   10415.2254280636      =====> Derivatives
 t=   10415.2264677932      =====> CFL and Stats
 solving u
 solving w
 solving v
 t=   10415.2418671905      =====> Interpolating
 t=   10415.2506361866      =====> Modes to planes
 t=   10415.2620638507      =====> Spectra
 t=   10415.2620698447      =====> Record Out
 t=   10415.2620713027      =====> Ops in Planes
 t=   10447.6772402512      =====> Planes to modes UVP
 t=   10455.6510275159      =====> Planes to modes NUVP
 t=   10455.6573031942      =====> Derivatives
 t=   10455.6583997897      =====> CFL and Stats
 solving u
 solving w
 solving v
 t=   10455.6705600684      =====> Interpolating
 t=   10455.6795121325      =====> Modes to planes
 t=   10455.6910966735      =====> Spectra
 t=   10455.6911024165      =====> Record Out
 t=   10455.6911037975      =====> Ops in Planes
 t=   10488.1224109570      =====> Planes to modes UVP
 t=   10496.0907557991      =====> Planes to modes NUVP
 t=   10496.0968797404      =====> Derivatives
 t=   10496.0979128250      =====> CFL and Stats
 solving u
 solving w
 solving v
 t=   10496.1095035810      =====> Interpolating
 t=   10496.1183683891      =====> Modes to planes
 t=   10496.1298664051      =====> Spectra
 t=   10496.1298729671      =====> Record Out
 t=   10496.1298743191      =====> Ops in Planes
 t=   10528.5576371362      =====> Planes to modes UVP
 t=   10536.5080810140      =====> Planes to modes NUVP
 t=   10536.5142313074      =====> Derivatives
 t=   10536.5152649409      =====> CFL and Stats
 solving u
 solving w
 solving v
 t=   10536.5308581041      =====> Interpolating
 t=   10536.5404455090      =====> Modes to planes
 t=   10536.5520833389      =====> Spectra
 t=   10536.5520896769      =====> Record Out
 t=   10536.5520911019      =====> Ops in Planes
 t=   10568.9775318120      =====> Planes to modes UVP
 t=   10576.9481727261      =====> Planes to modes NUVP
 t=   10576.9546358913      =====> Derivatives
 t=   10576.9558503857      =====> CFL and Stats
 solving u
 solving w
 solving v
 t=   10576.9686353472      =====> Interpolating
 t=   10576.9779554541      =====> Modes to planes
 t=   10576.9896968080      =====> Spectra
 t=   10576.9897036000      =====> Record Out
 t=   10576.9897051250      =====> Ops in Planes
 t=   10609.4737934905      =====> Planes to modes UVP
 t=   10617.4415898279      =====> Planes to modes NUVP
 t=   10617.4480310381      =====> Derivatives
 t=   10617.4490543066      =====> CFL and Stats
 solving u
 solving w
 solving v
 t=   10617.4617036801      =====> Interpolating
 t=   10617.4711035640      =====> Modes to planes
 t=   10617.4830569218      =====> Spectra
 t=   10617.4830633218      =====> Record Out
 t=   10617.4830647598      =====> Ops in Planes
 t=   10649.9165131744      =====> Planes to modes UVP
 t=   10657.8509477513      =====> Planes to modes NUVP
 t=   10657.8574578564      =====> Derivatives
 t=   10657.8585007210      =====> CFL and Stats
 solving u
 solving w
 solving v
 t=   10657.8740696752      =====> Interpolating
 t=   10657.8832556922      =====> Modes to planes
 t=   10657.8949419461      =====> Spectra
 t=   10657.8949490751      =====> Record Out
 t=   10657.8949504481      =====> Ops in Planes
 t=   10690.3162079250      =====> Planes to modes UVP
 t=   10698.2833608576      =====> Planes to modes NUVP
 t=   10698.2895082070      =====> Derivatives
 t=   10698.2905453895      =====> CFL and Stats
 solving u
 solving w
 solving v
 t=   10698.3026153472      =====> Interpolating
 t=   10698.3118172352      =====> Modes to planes
 t=   10698.3232762573      =====> Spectra
 t=   10698.3232838723      =====> Record Out
 t=   10698.3232851783      =====> Ops in Planes
 t=   10730.7267601149      =====> Planes to modes UVP
 t=   10738.7175613822      =====> Planes to modes NUVP
 t=   10738.7239874804      =====> Derivatives
 t=   10738.7250262980      =====> CFL and Stats
 solving u
 solving w
 solving v
 t=   10738.7370704127      =====> Interpolating
 t=   10738.7462490257      =====> Modes to planes
 t=   10738.7580090896      =====> Spectra
 t=   10738.7580162186      =====> Record Out
 t=   10738.7580174396      =====> Ops in Planes
 t=   10771.1678425035      =====> Planes to modes UVP
 t=   10779.1437595023      =====> Planes to modes NUVP
 t=   10779.1502373445      =====> Derivatives
 t=   10779.1512764200      =====> CFL and Stats
 solving u
 solving w
 solving v
 t=   10779.1671569111      =====> Interpolating
 t=   10779.1762139402      =====> Modes to planes
 t=   10779.1879353401      =====> Spectra
 t=   10779.1879421770      =====> Record Out
 t=   10779.1879434820      =====> Ops in Planes
 t=   10811.5987064375      =====> Planes to modes UVP
 t=   10819.5485861907      =====> Planes to modes NUVP
 t=   10819.5547310390      =====> Derivatives
 t=   10819.5557676635      =====> CFL and Stats
 solving u
 solving w
 solving v
 t=   10819.5673210825      =====> Interpolating
 t=   10819.5766258904      =====> Modes to planes
 t=   10819.5881759224      =====> Spectra
 t=   10819.5881827344      =====> Record Out
 t=   10819.5881841134      =====> Ops in Planes
 t=   10852.0010936079      =====> Planes to modes UVP
 t=   10859.9675077689      =====> Planes to modes NUVP
 t=   10859.9740194561      =====> Derivatives
 t=   10859.9750518626      =====> CFL and Stats
 solving u
 solving w
 solving v
 t=   10859.9870471384      =====> Interpolating
 t=   10859.9962618784      =====> Modes to planes
 t=   10860.0079688413      =====> Spectra
 t=   10860.0079769793      =====> Record Out
 t=   10860.0079783323      =====> Ops in Planes
 t=   10892.4259536286      =====> Planes to modes UVP
 t=   10900.3724889982      =====> Planes to modes NUVP
 t=   10900.3789853534      =====> Derivatives
 t=   10900.3800308149      =====> CFL and Stats
 solving u
 solving w
 solving v
 t=   10900.3956079511      =====> Interpolating
 t=   10900.4048011171      =====> Modes to planes
 t=   10900.4164787600      =====> Spectra
 t=   10900.4164857220      =====> Record Out
 t=   10900.4164869690      =====> Ops in Planes
 t=   10932.8462658822      =====> Planes to modes UVP
 t=   10940.7750748995      =====> Planes to modes NUVP
 t=   10940.7811818799      =====> Derivatives
 t=   10940.7823131024      =====> CFL and Stats
 solving u
 solving w
 solving v
 t=   10940.7943904681      =====> Interpolating
 t=   10940.8030970673      =====> Modes to planes
 t=   10940.8151908461      =====> Spectra
 t=   10940.8151962501      =====> Record Out
 t=   10940.8151973351      =====> Ops in Planes
 t=   10973.2290390672      =====> Planes to modes UVP
 t=   10981.1819229970      =====> Planes to modes NUVP
 t=   10981.1882591753      =====> Derivatives
 t=   10981.1893475128      =====> CFL and Stats
 solving u
 solving w
 solving v
 t=   10981.2014727215      =====> Interpolating
 t=   10981.2105805236      =====> Modes to planes
 t=   10981.2222399875      =====> Spectra
 t=   10981.2222456725      =====> Record Out
 t=   10981.2222469775      =====> Ops in Planes
 t=   11013.6533476661      =====> Planes to modes UVP
 t=   11021.6142016275      =====> Planes to modes NUVP
 t=   11021.6206986926      =====> Derivatives
 t=   11021.6217194272      =====> CFL and Stats
 solving u
 solving w
 solving v
 t=   11021.6374042514      =====> Interpolating
 t=   11021.6465710544      =====> Modes to planes
 t=   11021.6583751112      =====> Spectra
 t=   11021.6583813532      =====> Record Out
 t=   11021.6583825642      =====> Ops in Planes
 t=   11054.0839238433      =====> Planes to modes UVP
 t=   11062.0472010386      =====> Planes to modes NUVP
 t=   11062.0533183599      =====> Derivatives
 t=   11062.0543590744      =====> CFL and Stats
 solving u
 solving w
 solving v
 t=   11062.0659162254      =====> Interpolating
 t=   11062.0752462864      =====> Modes to planes
 t=   11062.0867835533      =====> Spectra
 t=   11062.0867904963      =====> Record Out
 t=   11062.0867917993      =====> Ops in Planes
 t=   11094.5259087724      =====> Planes to modes UVP
 t=   11102.4819175369      =====> Planes to modes NUVP
 t=   11102.4880186513      =====> Derivatives
 t=   11102.4890583458      =====> CFL and Stats
 solving u
 solving w
 solving v
 t=   11102.5011239576      =====> Interpolating
 t=   11102.5102657476      =====> Modes to planes
 t=   11102.5220318895      =====> Spectra
 t=   11102.5220387645      =====> Record Out
 t=   11102.5220400405      =====> Ops in Planes
 t=   11134.9329472829      =====> Planes to modes UVP
 t=   11142.8885821965      =====> Planes to modes NUVP
 t=   11142.8950746087      =====> Derivatives
 t=   11142.8961047012      =====> CFL and Stats
 solving u
 solving w
 solving v
 t=   11142.9117227314      =====> Interpolating
 t=   11142.9208299435      =====> Modes to planes
 t=   11142.9325170524      =====> Spectra
 t=   11142.9325234574      =====> Record Out
 t=   11142.9325247734      =====> Ops in Planes
 t=   11175.3457410738      =====> Planes to modes UVP
 t=   11183.2944314534      =====> Planes to modes NUVP
 t=   11183.3009956516      =====> Derivatives
 t=   11183.3020250021      =====> CFL and Stats
 solving u
 solving w
 solving v
 t=   11183.3136060101      =====> Interpolating
 t=   11183.3228638300      =====> Modes to planes
 t=   11183.3346495679      =====> Spectra
 t=   11183.3346557409      =====> Record Out
 t=   11183.3346570659      =====> Ops in Planes
 t=   11215.7492943827      =====> Planes to modes UVP
 t=   11223.6988951329      =====> Planes to modes NUVP
 t=   11223.7050618133      =====> Derivatives
 t=   11223.7060978858      =====> CFL and Stats
 solving u
 solving w
 solving v
 t=   11223.7183432455      =====> Interpolating
 t=   11223.7270234187      =====> Modes to planes
 t=   11223.7387699006      =====> Spectra
 t=   11223.7387766026      =====> Record Out
 t=   11223.7387778376      =====> Ops in Planes
 t=   11256.1672189424      =====> Planes to modes UVP
 t=   11264.1070280569      =====> Planes to modes NUVP
 t=   11264.1131991492      =====> Derivatives
 t=   11264.1147022655      =====> CFL and Stats
 solving u
 solving w
 solving v
 t=   11264.1304562007      =====> Interpolating
 t=   11264.1395707037      =====> Modes to planes
 t=   11264.1511522817      =====> Spectra
 t=   11264.1511574337      =====> Record Out
 t=   11264.1511587347      =====> Ops in Planes
 t=   11296.5689700821      =====> Planes to modes UVP
 t=   11304.5252794354      =====> Planes to modes NUVP
 t=   11304.5319393385      =====> Derivatives
 t=   11304.5331730030      =====> CFL and Stats
 solving u
 solving w
 solving v
 t=   11304.5466817861      =====> Interpolating
 t=   11304.5558324061      =====> Modes to planes
 t=   11304.5673156301      =====> Spectra
 t=   11304.5673224731      =====> Record Out
 t=   11304.5673237691      =====> Ops in Planes
 t=   11336.9895133416      =====> Planes to modes UVP
 t=   11344.9592668171      =====> Planes to modes NUVP
 t=   11344.9654082644      =====> Derivatives
 t=   11344.9664341030      =====> CFL and Stats
 solving u
 solving w
 solving v
 t=   11344.9780069829      =====> Interpolating
 t=   11344.9872897899      =====> Modes to planes
 t=   11344.9988784198      =====> Spectra
 t=   11344.9988849108      =====> Record Out
 t=   11344.9988862208      =====> Ops in Planes
 t=   11377.4018981457      =====> Planes to modes UVP
 t=   11385.3631577869      =====> Planes to modes NUVP
 t=   11385.3694017781      =====> Derivatives
 t=   11385.3704271367      =====> CFL and Stats
 solving u
 solving w
 solving v
 t=   11385.3861926298      =====> Interpolating
 t=   11385.3953971138      =====> Modes to planes
 t=   11385.4071860187      =====> Spectra
 t=   11385.4071936227      =====> Record Out
 t=   11385.4071951507      =====> Ops in Planes
 t=   11417.8277618559      =====> Planes to modes UVP
 t=   11425.7813975854      =====> Planes to modes NUVP
 t=   11425.7879683705      =====> Derivatives
 t=   11425.7890162271      =====> CFL and Stats
 solving u
 solving w
 solving v
 t=   11425.8010148469      =====> Interpolating
 t=   11425.8102492928      =====> Modes to planes
 t=   11425.8219617497      =====> Spectra
 t=   11425.8219692587      =====> Record Out
 t=   11425.8219705157      =====> Ops in Planes
 t=   11458.2338626327      =====> Planes to modes UVP
 t=   11466.1900309201      =====> Planes to modes NUVP
 t=   11466.1961490704      =====> Derivatives
 t=   11466.1971836040      =====> CFL and Stats
 solving u
 solving w
 solving v
 t=   11466.2092493367      =====> Interpolating
 t=   11466.2184592607      =====> Modes to planes
 t=   11466.2302602486      =====> Spectra
 t=   11466.2302664736      =====> Record Out
 t=   11466.2302679386      =====> Ops in Planes
 t=   11498.6446453245      =====> Planes to modes UVP
 t=   11506.5916292299      =====> Planes to modes NUVP
 t=   11506.5978018742      =====> Derivatives
 t=   11506.5988298798      =====> CFL and Stats
 solving u
 solving w
 solving v
 t=   11506.6145632819      =====> Interpolating
 t=   11506.6237673409      =====> Modes to planes
 t=   11506.6353601269      =====> Spectra
 t=   11506.6353664188      =====> Record Out
 t=   11506.6353677668      =====> Ops in Planes
 t=   11539.0687034175      =====> Planes to modes UVP
 t=   11547.0094696796      =====> Planes to modes NUVP
 t=   11547.0156759199      =====> Derivatives
 t=   11547.0167054924      =====> CFL and Stats
 solving u
 solving w
 solving v
 t=   11547.0282886514      =====> Interpolating
 t=   11547.0375339924      =====> Modes to planes
 t=   11547.0493308672      =====> Spectra
 t=   11547.0493381422      =====> Record Out
 t=   11547.0493396932      =====> Ops in Planes
 t=   11579.4704547452      =====> Planes to modes UVP
 t=   11587.4097696239      =====> Planes to modes NUVP
 t=   11587.4162375471      =====> Derivatives
 t=   11587.4172886527      =====> CFL and Stats
 solving u
 solving w
 solving v
 t=   11587.4292741044      =====> Interpolating
 t=   11587.4384627934      =====> Modes to planes
 t=   11587.4498993275      =====> Spectra
 t=   11587.4499054145      =====> Record Out
 t=   11587.4499067355      =====> Ops in Planes
 t=   11619.8685086085      =====> Planes to modes UVP
 t=   11627.8171223392      =====> Planes to modes NUVP
 t=   11627.8232274696      =====> Derivatives
 t=   11627.8242628221      =====> CFL and Stats
 solving u
 solving w
 solving v
 t=   11627.8398946583      =====> Interpolating
 t=   11627.8491761703      =====> Modes to planes
 t=   11627.8606448863      =====> Spectra
 t=   11627.8606543053      =====> Record Out
 t=   11627.8606555233      =====> Ops in Planes
 t=   11660.2696339855      =====> Planes to modes UVP
 t=   11668.2276526281      =====> Planes to modes NUVP
 t=   11668.2337566404      =====> Derivatives
 t=   11668.2347787240      =====> CFL and Stats
 solving u
 solving w
 solving v
 t=   11668.2469400467      =====> Interpolating
 t=   11668.2556626799      =====> Modes to planes
 t=   11668.2674590448      =====> Spectra
 t=   11668.2674652088      =====> Record Out
 t=   11668.2674664478      =====> Ops in Planes
 t=   11700.6908159038      =====> Planes to modes UVP
 t=   11708.6292425279      =====> Planes to modes NUVP
 t=   11708.6356687051      =====> Derivatives
 t=   11708.6367020726      =====> CFL and Stats
 solving u
 solving w
 solving v
 t=   11708.6487084454      =====> Interpolating
 t=   11708.6579415094      =====> Modes to planes
 t=   11708.6697478762      =====> Spectra
 t=   11708.6697547922      =====> Record Out
 t=   11708.6697560672      =====> Ops in Planes
 t=   11741.0962274679      =====> Planes to modes UVP
 t=   11749.0401295316      =====> Planes to modes NUVP
 t=   11749.0466155278      =====> Derivatives
 t=   11749.0476531013      =====> CFL and Stats
 solving u
 solving w
 solving v
 t=   11749.0637402713      =====> Interpolating
 t=   11749.0727957374      =====> Modes to planes
 t=   11749.0844949493      =====> Spectra
 t=   11749.0845013593      =====> Record Out
 t=   11749.0845027113      =====> Ops in Planes
 t=   11781.5275050667      =====> Planes to modes UVP
 t=   11789.4574207956      =====> Planes to modes NUVP
 t=   11789.4636043489      =====> Derivatives
 t=   11789.4646284904      =====> CFL and Stats
 solving u
 solving w
 solving v
 t=   11789.4762088004      =====> Interpolating
 t=   11789.4856920382      =====> Modes to planes
 t=   11789.4972685822      =====> Spectra
 t=   11789.4972739892      =====> Record Out
 t=   11789.4972752992      =====> Ops in Planes
 t=   11821.9315997394      =====> Planes to modes UVP
 t=   11829.8494203765      =====> Planes to modes NUVP
 t=   11829.8556385988      =====> Derivatives
 t=   11829.8566881973      =====> CFL and Stats
 solving u
 solving w
 solving v
 t=   11829.8687054451      =====> Interpolating
 t=   11829.8779518471      =====> Modes to planes
 t=   11829.8897172700      =====> Spectra
 t=   11829.8897235790      =====> Record Out
 t=   11829.8897250000      =====> Ops in Planes
 t=   11862.3098313374      =====> Planes to modes UVP
 t=   11870.2450506699      =====> Planes to modes NUVP
 t=   11870.2515207811      =====> Derivatives
 t=   11870.2525629296      =====> CFL and Stats
 solving u
 solving w
 solving v
 t=   11870.2680861359      =====> Interpolating
 t=   11870.2769335930      =====> Modes to planes
 t=   11870.2885834689      =====> Spectra
 t=   11870.2885919209      =====> Record Out
 t=   11870.2885931529      =====> Ops in Planes
 t=   11902.7136069132      =====> Planes to modes UVP
 t=   11910.6546441592      =====> Planes to modes NUVP
 t=   11910.6609053345      =====> Derivatives
 t=   11910.6619537440      =====> CFL and Stats
 solving u
 solving w
 solving v
 t=   11910.6735146920      =====> Interpolating
 t=   11910.6824416181      =====> Modes to planes
 t=   11910.6940178020      =====> Spectra
 t=   11910.6940242400      =====> Record Out
 t=   11910.6940255980      =====> Ops in Planes
 t=   11943.1117609115      =====> Planes to modes UVP
 t=   11951.0415405154      =====> Planes to modes NUVP
 t=   11951.0476387957      =====> Derivatives
 t=   11951.0486773033      =====> CFL and Stats
 solving u
 solving w
 solving v
 t=   11951.0602676432      =====> Interpolating
 t=   11951.0691021064      =====> Modes to planes
 t=   11951.0806996883      =====> Spectra
 t=   11951.0807054643      =====> Record Out
 t=   11951.0807068423      =====> Ops in Planes
 t=   11983.4986998686      =====> Planes to modes UVP
 t=   11991.4362450771      =====> Planes to modes NUVP
 t=   11991.4423488835      =====> Derivatives
 t=   11991.4433775610      =====> CFL and Stats
 solving u
 solving w
 solving v
 t=   11991.4588314253      =====> Interpolating
 t=   11991.4675058445      =====> Modes to planes
 t=   11991.4789517005      =====> Spectra
 t=   11991.4789584715      =====> Record Out
 t=   11991.4789598255      =====> Ops in Planes
 t=   12023.9005922913      =====> Planes to modes UVP
 t=   12031.8623292523      =====> Planes to modes NUVP
 t=   12031.8684764336      =====> Derivatives
 t=   12031.8695031871      =====> CFL and Stats
 solving u
 solving w
 solving v
 t=   12031.8810359711      =====> Interpolating
 t=   12031.8898700673      =====> Modes to planes
 t=   12031.9012956083      =====> Spectra
 t=   12031.9013015143      =====> Record Out
 t=   12031.9013029333      =====> Ops in Planes
 t=   12064.3184597190      =====> Planes to modes UVP
 t=   12072.2655430173      =====> Planes to modes NUVP
 t=   12072.2718826566      =====> Derivatives
 t=   12072.2729205521      =====> CFL and Stats
 solving u
 solving w
 solving v
 t=   12072.2844530681      =====> Interpolating
 t=   12072.2932506073      =====> Modes to planes
 t=   12072.3047614333      =====> Spectra
 t=   12072.3047669303      =====> Record Out
 t=   12072.3047682253      =====> Ops in Planes
 t=   12104.7236106062      =====> Planes to modes UVP
 t=   12112.6691598712      =====> Planes to modes NUVP
 t=   12112.6752590186      =====> Derivatives
 t=   12112.6763031471      =====> CFL and Stats
 solving u
 solving w
 solving v
 t=   12112.6917235134      =====> Interpolating
 t=   12112.7005215776      =====> Modes to planes
 t=   12112.7119364336      =====> Spectra
 t=   12112.7119430276      =====> Record Out
 t=   12112.7119444626      =====> Ops in Planes
 t=   12145.1562349245      =====> Planes to modes UVP
 t=   12153.0902583605      =====> Planes to modes NUVP
 t=   12153.0964469128      =====> Derivatives
 t=   12153.0974921564      =====> CFL and Stats
 solving u
 solving w
 solving v
 t=   12153.1090539793      =====> Interpolating
 t=   12153.1177874445      =====> Modes to planes
 t=   12153.1291548966      =====> Spectra
 t=   12153.1291630366      =====> Record Out
 t=   12153.1291643346      =====> Ops in Planes
 t=   12185.5382131008      =====> Planes to modes UVP
 t=   12193.4698042909      =====> Planes to modes NUVP
 t=   12193.4761750581      =====> Derivatives
 t=   12193.4772071187      =====> CFL and Stats
 solving u
 solving w
 solving v
 t=   12193.4887424727      =====> Interpolating
 t=   12193.4975374788      =====> Modes to planes
 t=   12193.5090274388      =====> Spectra
 t=   12193.5102671563      =====> Record Out
 t=   12193.5102707013      =====> Ops in Planes
 t=   12225.9236804296      =====> Planes to modes UVP
 t=   12233.8715000976      =====> Planes to modes NUVP
 t=   12233.8777201409      =====> Derivatives
 t=   12233.8787604105      =====> CFL and Stats
 solving u
 solving w
 solving v
 t=   12233.9433746283      =====> Interpolating
 t=   12233.9520310216      =====> Modes to planes
 t=   12233.9654567227      =====> Spectra
 t=   12233.9654669577      =====> Record Out
 t=   12233.9654684757      =====> Ops in Planes
 t=   12266.4045840448      =====> Planes to modes UVP
 t=   12274.3281513904      =====> Planes to modes NUVP
 t=   12274.3344423837      =====> Derivatives
 t=   12274.3354743223      =====> CFL and Stats
 solving u
 solving w
 solving v
 t=   12274.3469183293      =====> Interpolating
 t=   12274.3556736135      =====> Modes to planes
 t=   12274.3673433454      =====> Spectra
 t=   12274.3673503804      =====> Record Out
 t=   12274.3673516664      =====> Ops in Planes
 t=   12306.7945183097      =====> Planes to modes UVP
 t=   12314.7256370500      =====> Planes to modes NUVP
 t=   12314.7318408813      =====> Derivatives
 t=   12314.7328637529      =====> CFL and Stats
 solving u
 solving w
 solving v
 t=   12314.7444418168      =====> Interpolating
 t=   12314.7532442820      =====> Modes to planes
 t=   12314.7646313140      =====> Spectra
 t=   12314.7646376890      =====> Record Out
 t=   12314.7646389790      =====> Ops in Planes
 t=   12347.1819452096      =====> Planes to modes UVP
 t=   12355.1291979809      =====> Planes to modes NUVP
 t=   12355.1353301923      =====> Derivatives
 t=   12355.1363668778      =====> CFL and Stats
 solving u
 solving w
 solving v
 t=   12355.1516230482      =====> Interpolating
 t=   12355.1604303153      =====> Modes to planes
 t=   12355.1718424004      =====> Spectra
 t=   12355.1718483724      =====> Record Out
 t=   12355.1718496454      =====> Ops in Planes
 t=   12387.5989199397      =====> Planes to modes UVP
 t=   12395.5403948665      =====> Planes to modes NUVP
 t=   12395.5465342949      =====> Derivatives
 t=   12395.5475685764      =====> CFL and Stats
 solving u
 solving w
 solving v
 t=   12395.5591515434      =====> Interpolating
 t=   12395.5679882305      =====> Modes to planes
 t=   12395.5795345325      =====> Spectra
 t=   12395.5795409185      =====> Record Out
 t=   12395.5795422595      =====> Ops in Planes
 t=   12428.0036548281      =====> Planes to modes UVP
 t=   12435.9297003177      =====> Planes to modes NUVP
 t=   12435.9358627300      =====> Derivatives
 t=   12435.9368972305      =====> CFL and Stats
 solving u
 solving w
 solving v
 t=   12435.9486306094      =====> Interpolating
 t=   12435.9573062746      =====> Modes to planes
 t=   12435.9686587877      =====> Spectra
 t=   12435.9686644457      =====> Record Out
 t=   12435.9686658177      =====> Ops in Planes
 t=   12468.3876083156      =====> Planes to modes UVP
 t=   12476.3313820214      =====> Planes to modes NUVP
 t=   12476.3374936207      =====> Derivatives
 t=   12476.3386236622      =====> CFL and Stats
 solving u
 solving w
 solving v
 t=   12476.3539320116      =====> Interpolating
 t=   12476.3627419597      =====> Modes to planes
 t=   12476.3742429137      =====> Spectra
 t=   12476.3742500257      =====> Record Out
 t=   12476.3742514777      =====> Ops in Planes
 t=   12508.8038083090      =====> Planes to modes UVP
 t=   12516.7331354721      =====> Planes to modes NUVP
 t=   12516.7392455654      =====> Derivatives
 t=   12516.7402808200      =====> CFL and Stats
 solving u
 solving w
 solving v
 t=   12516.7518974059      =====> Interpolating
 t=   12516.7607249351      =====> Modes to planes
 t=   12516.7721436721      =====> Spectra
 t=   12516.7721495311      =====> Record Out
 t=   12516.7721508491      =====> Ops in Planes
 t=   12549.1988507247      =====> Planes to modes UVP
 t=   12557.1239684046      =====> Planes to modes NUVP
 t=   12557.1302625638      =====> Derivatives
 t=   12557.1312876544      =====> CFL and Stats
 solving u
 solving w
 solving v
 t=   12557.1427771284      =====> Interpolating
 t=   12557.1515078356      =====> Modes to planes
 t=   12557.1631610945      =====> Spectra
 t=   12557.1631675855      =====> Record Out
 t=   12557.1631688675      =====> Ops in Planes
 t=   12589.5886375886      =====> Planes to modes UVP
 t=   12597.5244183978      =====> Planes to modes NUVP
 t=   12597.5306144972      =====> Derivatives
 t=   12597.5316460997      =====> CFL and Stats
 solving u
 solving w
 solving v
 t=   12597.5471111620      =====> Interpolating
 t=   12597.5557929292      =====> Modes to planes
 t=   12597.5670618703      =====> Spectra
 t=   12597.5670682283      =====> Record Out
 t=   12597.5670695453      =====> Ops in Planes
 t=   12629.9981029139      =====> Planes to modes UVP
 t=   12637.9245766713      =====> Planes to modes NUVP
 t=   12637.9307697226      =====> Derivatives
 t=   12637.9318055471      =====> CFL and Stats
 solving u
 solving w
 solving v
 t=   12637.9433646341      =====> Interpolating
 t=   12637.9522390052      =====> Modes to planes
 t=   12637.9637373572      =====> Spectra
 t=   12637.9637435562      =====> Record Out
 t=   12637.9637447642      =====> Ops in Planes
 t=   12670.4007433922      =====> Planes to modes UVP
 t=   12678.3205528425      =====> Planes to modes NUVP
 t=   12678.3270184817      =====> Derivatives
 t=   12678.3280476832      =====> CFL and Stats
 solving u
 solving w
 solving v
 t=   12678.3396233992      =====> Interpolating
 t=   12678.3484496433      =====> Modes to planes
 t=   12678.3598562134      =====> Spectra
 t=   12678.3598624574      =====> Record Out
 t=   12678.3598638664      =====> Ops in Planes
 t=   12710.7887919399      =====> Planes to modes UVP
 t=   12718.7204876840      =====> Planes to modes NUVP
 t=   12718.7269511042      =====> Derivatives
 t=   12718.7279941327      =====> CFL and Stats
 solving u
 solving w
 solving v
 t=   12718.7432636221      =====> Interpolating
 t=   12718.7524983830      =====> Modes to planes
 t=   12718.7638711731      =====> Spectra
 t=   12718.7638773371      =====> Record Out
 t=   12718.7638786161      =====> Ops in Planes
 t=   12751.1843145533      =====> Planes to modes UVP
 t=   12759.1121928181      =====> Planes to modes NUVP
 t=   12759.1183517204      =====> Derivatives
 t=   12759.1193867269      =====> CFL and Stats
 solving u
 solving w
 solving v
 t=   12759.1309334979      =====> Interpolating
 t=   12759.1402343059      =====> Modes to planes
 t=   12759.1520617687      =====> Spectra
 t=   12759.1520680117      =====> Record Out
 t=   12759.1520693277      =====> Ops in Planes
 t=   12791.5815763670      =====> Planes to modes UVP
 t=   12799.5314655601      =====> Planes to modes NUVP
 t=   12799.5376039425      =====> Derivatives
 t=   12799.5386391030      =====> CFL and Stats
 solving u
 solving w
 solving v
 t=   12799.5502072380      =====> Interpolating
 t=   12799.5594849459      =====> Modes to planes
 t=   12799.5712782748      =====> Spectra
 t=   12799.5712843278      =====> Record Out
 t=   12799.5712855988      =====> Ops in Planes
 t=   12831.9989932089      =====> Planes to modes UVP
 t=   12839.9308415129      =====> Planes to modes NUVP
 t=   12839.9373880410      =====> Derivatives
 t=   12839.9384198256      =====> CFL and Stats
 solving u
 solving w
 solving v
 t=   12839.9540393568      =====> Interpolating
 t=   12839.9632208548      =====> Modes to planes
 t=   12839.9749394797      =====> Spectra
 t=   12839.9749518067      =====> Record Out
 t=   12839.9749531927      =====> Ops in Planes
 t=   12872.3940048965      =====> Planes to modes UVP
 t=   12880.3286361913      =====> Planes to modes NUVP
 t=   12880.3351189995      =====> Derivatives
 t=   12880.3361634120      =====> CFL and Stats
 solving u
 solving w
 solving v
 t=   12880.3481202148      =====> Interpolating
 t=   12880.3572996868      =====> Modes to planes
 t=   12880.3689521528      =====> Spectra
 t=   12880.3689592728      =====> Record Out
 t=   12880.3689606468      =====> Ops in Planes
 t=   12912.7814330835      =====> Planes to modes UVP
 t=   12920.7133525144      =====> Planes to modes NUVP
 t=   12920.7198469466      =====> Derivatives
 t=   12920.7208800482      =====> CFL and Stats
 solving u
 solving w
 solving v
 t=   12920.7324735141      =====> Interpolating
 t=   12920.7417060111      =====> Modes to planes
 t=   12920.7532840711      =====> Spectra
 t=   12920.7532899381      =====> Record Out
 t=   12920.7532912501      =====> Ops in Planes
 t=   12953.1723316519      =====> Planes to modes UVP
 t=   12961.1223053250      =====> Planes to modes NUVP
 t=   12961.1284739773      =====> Derivatives
 t=   12961.1295063069      =====> CFL and Stats
 solving u
 solving w
 solving v
 t=   12961.1454599619      =====> Interpolating
 t=   12961.1541624312      =====> Modes to planes
 t=   12961.1658674391      =====> Spectra
 t=   12961.1658746231      =====> Record Out
 t=   12961.1658758161      =====> Ops in Planes
 t=   12993.5954789143      =====> Planes to modes UVP
 t=   13001.5075513199      =====> Planes to modes NUVP
 t=   13001.5136576973      =====> Derivatives
 t=   13001.5146960338      =====> CFL and Stats
 solving u
 solving w
 solving v
 t=   13001.5262776368      =====> Interpolating
 t=   13001.5355706237      =====> Modes to planes
 t=   13001.5473665906      =====> Spectra
 t=   13001.5473728996      =====> Record Out
 t=   13001.5473740976      =====> Ops in Planes
 t=   13033.9836840579      =====> Planes to modes UVP
 t=   13041.9159175478      =====> Planes to modes NUVP
 t=   13041.9224553819      =====> Derivatives
 t=   13041.9234920945      =====> CFL and Stats
 solving u
 solving w
 solving v
 t=   13041.9355078612      =====> Interpolating
 t=   13041.9446934122      =====> Modes to planes
 t=   13041.9564543711      =====> Spectra
 t=   13041.9564609071      =====> Record Out
 t=   13041.9564622071      =====> Ops in Planes
 t=   13074.3909105173      =====> Planes to modes UVP
 t=   13082.3227942362      =====> Planes to modes NUVP
 t=   13082.3292615564      =====> Derivatives
 t=   13082.3302891830      =====> CFL and Stats
 solving u
 solving w
 solving v
 t=   13082.3460074321      =====> Interpolating
 t=   13082.3551894141      =====> Modes to planes
 t=   13082.3668115211      =====> Spectra
 t=   13082.3668200731      =====> Record Out
 t=   13082.3668214261      =====> Ops in Planes
 t=   13114.7966201922      =====> Planes to modes UVP
 t=   13122.7128363180      =====> Planes to modes NUVP
 t=   13122.7190017174      =====> Derivatives
 t=   13122.7200326239      =====> CFL and Stats
 solving u
 solving w
 solving v
 t=   13122.7320635047      =====> Interpolating
 t=   13122.7412700217      =====> Modes to planes
 t=   13122.7530724445      =====> Spectra
 t=   13122.7530801095      =====> Record Out
 t=   13122.7530814185      =====> Ops in Planes
 t=   13155.1680564652      =====> Planes to modes UVP
 t=   13163.0987011387      =====> Planes to modes NUVP
 t=   13163.1049323750      =====> Derivatives
 t=   13163.1059650375      =====> CFL and Stats
 solving u
 solving w
 solving v
 t=   13163.1180823372      =====> Interpolating
 t=   13163.1272627092      =====> Modes to planes
 t=   13163.1389651991      =====> Spectra
 t=   13163.1389713331      =====> Record Out
 t=   13163.1389726741      =====> Ops in Planes
 t=   13195.5689208242      =====> Planes to modes UVP
 t=   13203.5086829088      =====> Planes to modes NUVP
 t=   13203.5151553080      =====> Derivatives
 t=   13203.5162057135      =====> CFL and Stats
 solving u
 solving w
 solving v
 t=   13203.5318423457      =====> Interpolating
 t=   13203.5410359347      =====> Modes to planes
 t=   13203.5530747675      =====> Spectra
 t=   13203.5530804565      =====> Record Out
 t=   13203.5530818055      =====> Ops in Planes
 t=   13235.9974032203      =====> Planes to modes UVP
 t=   13243.9339161203      =====> Planes to modes NUVP
 t=   13243.9403730795      =====> Derivatives
 t=   13243.9414054930      =====> CFL and Stats
 solving u
 solving w
 solving v
 t=   13243.9534022588      =====> Interpolating
 t=   13243.9622318460      =====> Modes to planes
 t=   13243.9741052608      =====> Spectra
 t=   13243.9741120518      =====> Record Out
 t=   13243.9741134148      =====> Ops in Planes
 t=   13276.4273349818      =====> Planes to modes UVP
 t=   13284.3597802855      =====> Planes to modes NUVP
 t=   13284.3660473858      =====> Derivatives
 t=   13284.3670793113      =====> CFL and Stats
 solving u
 solving w
 solving v
 t=   13284.3791318721      =====> Interpolating
 t=   13284.3883533481      =====> Modes to planes
 t=   13284.4001765319      =====> Spectra
 t=   13284.4001831849      =====> Record Out
 t=   13284.4001844409      =====> Ops in Planes
 t=   13316.8363308563      =====> Planes to modes UVP
 t=   13324.7622128319      =====> Planes to modes NUVP
 t=   13324.7684090352      =====> Derivatives
 t=   13324.7694483268      =====> CFL and Stats
 solving u
 solving w
 solving v
 t=   13324.7857626397      =====> Interpolating
 t=   13324.7944510679      =====> Modes to planes
 t=   13324.8058851819      =====> Spectra
 t=   13324.8058911839      =====> Record Out
 t=   13324.8058926509      =====> Ops in Planes
 t=   13357.2507125365      =====> Planes to modes UVP
 t=   13365.1783288054      =====> Planes to modes NUVP
 t=   13365.1847950075      =====> Derivatives
 t=   13365.1858844581      =====> CFL and Stats
 solving u
 solving w
 solving v
 t=   13365.1983058107      =====> Interpolating
 t=   13365.2075372226      =====> Modes to planes
 t=   13365.2191904236      =====> Spectra
 t=   13365.2191964286      =====> Record Out
 t=   13365.2191976906      =====> Ops in Planes
 t=   13397.6505812551      =====> Planes to modes UVP
 t=   13405.5914413671      =====> Planes to modes NUVP
 t=   13405.5976441894      =====> Derivatives
 t=   13405.5986746440      =====> CFL and Stats
 solving u
 solving w
 solving v
 t=   13405.6107760317      =====> Interpolating
 t=   13405.6198916757      =====> Modes to planes
 t=   13405.6313868767      =====> Spectra
 t=   13405.6313939947      =====> Record Out
 t=   13405.6313951647      =====> Ops in Planes
 t=   13438.0728127789      =====> Planes to modes UVP
 t=   13445.9919824894      =====> Planes to modes NUVP
 t=   13445.9981789047      =====> Derivatives
 t=   13445.9992146302      =====> CFL and Stats
 solving u
 solving w
 solving v
 t=   13446.0148805024      =====> Interpolating
 t=   13446.0241235674      =====> Modes to planes
 t=   13446.0356025954      =====> Spectra
 t=   13446.0356093814      =====> Record Out
 t=   13446.0356106984      =====> Ops in Planes
 t=   13478.4639908152      =====> Planes to modes UVP
 t=   13486.3863631693      =====> Planes to modes NUVP
 t=   13486.3928198675      =====> Derivatives
 t=   13486.3938573300      =====> CFL and Stats
 solving u
 solving w
 solving v
 t=   13486.4058776218      =====> Interpolating
 t=   13486.4150579768      =====> Modes to planes
 t=   13486.4267360547      =====> Spectra
 t=   13486.4267425907      =====> Record Out
 t=   13486.4267440027      =====> Ops in Planes
 t=   13518.8628095782      =====> Planes to modes UVP
 t=   13526.7977917628      =====> Planes to modes NUVP
 t=   13526.8042880450      =====> Derivatives
 t=   13526.8053251445      =====> CFL and Stats
 solving u
 solving w
 solving v
 t=   13526.8173149343      =====> Interpolating
 t=   13526.8265287053      =====> Modes to planes
 t=   13526.8382304692      =====> Spectra
 t=   13526.8382371112      =====> Record Out
 t=   13526.8382384052      =====> Ops in Planes
 t=   13559.2634170864      =====> Planes to modes UVP
 t=   13567.1847983219      =====> Planes to modes NUVP
 t=   13567.1913773390      =====> Derivatives
 t=   13567.1924291176      =====> CFL and Stats
 solving u
 solving w
 solving v
 t=   13567.2077339849      =====> Interpolating
 t=   13567.2169555159      =====> Modes to planes
 t=   13567.2286180608      =====> Spectra
 t=   13567.2286251368      =====> Record Out
 t=   13567.2286263648      =====> Ops in Planes
 t=   13599.6571459206      =====> Planes to modes UVP
 t=   13607.5822004455      =====> Planes to modes NUVP
 t=   13607.5884795458      =====> Derivatives
 t=   13607.5895180483      =====> CFL and Stats
 solving u
 solving w
 solving v
 t=   13607.6016145191      =====> Interpolating
 t=   13607.6107607751      =====> Modes to planes
 t=   13607.6225641229      =====> Spectra
 t=   13607.6225710959      =====> Record Out
 t=   13607.6225725249      =====> Ops in Planes
 t=   13640.0414212149      =====> Planes to modes UVP
 t=   13647.9908943512      =====> Planes to modes NUVP
 t=   13647.9970608845      =====> Derivatives
 t=   13647.9980929561      =====> CFL and Stats
 solving u
 solving w
 solving v
 t=   13648.0101608658      =====> Interpolating
 t=   13648.0193000788      =====> Modes to planes
 t=   13648.0307918808      =====> Spectra
 t=   13648.0307981098      =====> Record Out
 t=   13648.0307994318      =====> Ops in Planes
 t=   13680.4623013683      =====> Planes to modes UVP
 t=   13688.4022462227      =====> Planes to modes NUVP
 t=   13688.4087854879      =====> Derivatives
 t=   13688.4098359974      =====> CFL and Stats
 solving u
 solving w
 solving v
 t=   13688.4254253006      =====> Interpolating
 t=   13688.4345866977      =====> Modes to planes
 t=   13688.4462648096      =====> Spectra
 t=   13688.4462719456      =====> Record Out
 t=   13688.4462733036      =====> Ops in Planes
 t=   13720.8756734099      =====> Planes to modes UVP
 t=   13728.8056873717      =====> Planes to modes NUVP
 t=   13728.8118447470      =====> Derivatives
 t=   13728.8128914976      =====> CFL and Stats
 solving u
 solving w
 solving v
 t=   13728.8249297243      =====> Interpolating
 t=   13728.8341602483      =====> Modes to planes
 t=   13728.8459557542      =====> Spectra
 t=   13728.8459620992      =====> Record Out
 t=   13728.8459634652      =====> Ops in Planes
 t=   13761.2651641670      =====> Planes to modes UVP
 t=   13769.2117670295      =====> Planes to modes NUVP
 t=   13769.2181632438      =====> Derivatives
 t=   13769.2191983813      =====> CFL and Stats
 solving u
 solving w
 solving v
 t=   13769.2313253080      =====> Interpolating
 t=   13769.2405603110      =====> Modes to planes
 t=   13769.2520554230      =====> Spectra
 t=   13769.2520622680      =====> Record Out
 t=   13769.2520636010      =====> Ops in Planes
 t=   13801.6566009812      =====> Planes to modes UVP
 t=   13809.5961587868      =====> Planes to modes NUVP
 t=   13809.6023458051      =====> Derivatives
 t=   13809.6034710356      =====> CFL and Stats
 solving u
 solving w
 solving v
 t=   13809.6187500210      =====> Interpolating
 t=   13809.6275377831      =====> Modes to planes
 t=   13809.6392218281      =====> Spectra
 t=   13809.6392286711      =====> Record Out
 t=   13809.6392300761      =====> Ops in Planes
 t=   13842.0587067517      =====> Planes to modes UVP
 t=   13849.9901327749      =====> Planes to modes NUVP
 t=   13849.9962474212      =====> Derivatives
 t=   13849.9972841748      =====> CFL and Stats
 solving u
 solving w
 solving v
 t=   13850.0088520847      =====> Interpolating
 t=   13850.0180870307      =====> Modes to planes
 t=   13850.0295943727      =====> Spectra
 t=   13850.0296015407      =====> Record Out
 t=   13850.0296027807      =====> Ops in Planes
 t=   13882.4545324550      =====> Planes to modes UVP
 t=   13890.3948870593      =====> Planes to modes NUVP
 t=   13890.4013535135      =====> Derivatives
 t=   13890.4023907300      =====> CFL and Stats
 solving u
 solving w
 solving v
 t=   13890.4144046498      =====> Interpolating
 t=   13890.4236391848      =====> Modes to planes
 t=   13890.4350345638      =====> Spectra
 t=   13890.4350409188      =====> Record Out
 t=   13890.4350421188      =====> Ops in Planes
 t=   13922.8763572880      =====> Planes to modes UVP
 t=   13930.8013056760      =====> Planes to modes NUVP
 t=   13930.8074638943      =====> Derivatives
 t=   13930.8085987588      =====> CFL and Stats
 solving u
 solving w
 solving v
 t=   13930.8243968159      =====> Interpolating
 t=   13930.8335648769      =====> Modes to planes
 t=   13930.8453603088      =====> Spectra
 t=   13930.8453666828      =====> Record Out
 t=   13930.8453681218      =====> Ops in Planes
 t=   13963.4032355522      =====> Planes to modes UVP
 t=   13971.3813044371      =====> Planes to modes NUVP
 t=   13971.3874669864      =====> Derivatives
 t=   13971.3885159860      =====> CFL and Stats
 solving u
 solving w
 solving v
 t=   13971.4002218319      =====> Interpolating
 t=   13971.4095336188      =====> Modes to planes
 t=   13971.4210856508      =====> Spectra
 t=   13971.4210924688      =====> Record Out
 t=   13971.4210936298      =====> Ops in Planes
 t=   14003.9822586558      =====> Planes to modes UVP
 t=   14011.9305741266      =====> Planes to modes NUVP
 t=   14011.9366793069      =====> Derivatives
 t=   14011.9377102205      =====> CFL and Stats
 solving u
 solving w
 solving v
 t=   14011.9493323284      =====> Interpolating
 t=   14011.9586484304      =====> Modes to planes
 t=   14011.9704212582      =====> Spectra
 t=   14011.9704282222      =====> Record Out
 t=   14011.9704294532      =====> Ops in Planes
 t=   14044.4039296308      =====> Planes to modes UVP
 t=   14052.3100557760      =====> Planes to modes NUVP
 t=   14052.3163314433      =====> Derivatives
 t=   14052.3173666988      =====> CFL and Stats
 solving u
 solving w
 solving v
 t=   14052.3331456289      =====> Interpolating
 t=   14052.3423556059      =====> Modes to planes
 t=   14052.3540933078      =====> Spectra
 t=   14052.3540993808      =====> Record Out
 t=   14052.3541005798      =====> Ops in Planes
 t=   14084.7733936926      =====> Planes to modes UVP
 t=   14092.7006545926      =====> Planes to modes NUVP
 t=   14092.7068861118      =====> Derivatives
 t=   14092.7079177194      =====> CFL and Stats
 solving u
 solving w
 solving v
 t=   14092.7200033531      =====> Interpolating
 t=   14092.7292215051      =====> Modes to planes
 t=   14092.7406436451      =====> Spectra
 t=   14092.7406503631      =====> Record Out
 t=   14092.7406516331      =====> Ops in Planes
 t=   14125.1906298295      =====> Planes to modes UVP
 t=   14133.1105162937      =====> Planes to modes NUVP
 t=   14133.1170812749      =====> Derivatives
 t=   14133.1181310764      =====> CFL and Stats
 solving u
 solving w
 solving v
 t=   14133.1301540152      =====> Interpolating
 t=   14133.1393890252      =====> Modes to planes
 t=   14133.1510815401      =====> Spectra
 t=   14133.1510881051      =====> Record Out
 t=   14133.1510893221      =====> Ops in Planes
 t=   14165.5616200206      =====> Planes to modes UVP
 t=   14173.5013566982      =====> Planes to modes NUVP
 t=   14173.5078998143      =====> Derivatives
 t=   14173.5089231889      =====> CFL and Stats
 solving u
 solving w
 solving v
 t=   14173.5248097890      =====> Interpolating
 t=   14173.5339438750      =====> Modes to planes
 t=   14173.5453486680      =====> Spectra
 t=   14173.5453552210      =====> Record Out
 t=   14173.5453565170      =====> Ops in Planes
 t=   14205.9616202771      =====> Planes to modes UVP
 t=   14213.9055353248      =====> Planes to modes NUVP
 t=   14213.9121018990      =====> Derivatives
 t=   14213.9131337195      =====> CFL and Stats
 solving u
 solving w
 solving v
 t=   14213.9247046965      =====> Interpolating
 t=   14213.9334957577      =====> Modes to planes
 t=   14213.9451261296      =====> Spectra
 t=   14213.9451344236      =====> Record Out
 t=   14213.9451357106      =====> Ops in Planes
 t=   14246.4059756343      =====> Planes to modes UVP
 t=   14254.3142933005      =====> Planes to modes NUVP
 t=   14254.3204833058      =====> Derivatives
 t=   14254.3215200534      =====> CFL and Stats
 solving u
 solving w
 solving v
 t=   14254.3330841343      =====> Interpolating
 t=   14254.3419046805      =====> Modes to planes
 t=   14254.3533950905      =====> Spectra
 t=   14254.3534024115      =====> Record Out
 t=   14254.3534037965      =====> Ops in Planes
 t=   14286.7730068501      =====> Planes to modes UVP
 t=   14294.7006878179      =====> Planes to modes NUVP
 t=   14294.7072230661      =====> Derivatives
 t=   14294.7082407086      =====> CFL and Stats
 solving u
 solving w
 solving v
 t=   14294.7239201468      =====> Interpolating
 t=   14294.7330945748      =====> Modes to planes
 t=   14294.7448087317      =====> Spectra
 t=   14294.7448159477      =====> Record Out
 t=   14294.7448173037      =====> Ops in Planes
 t=   14327.1546968965      =====> Planes to modes UVP
 t=   14335.1057283292      =====> Planes to modes NUVP
 t=   14335.1122449803      =====> Derivatives
 t=   14335.1132697919      =====> CFL and Stats
 solving u
 solving w
 solving v
 t=   14335.1252842537      =====> Interpolating
 t=   14335.1340997228      =====> Modes to planes
 t=   14335.1458659897      =====> Spectra
 t=   14335.1458730417      =====> Record Out
 t=   14335.1458743327      =====> Ops in Planes
 t=   14367.5645746067      =====> Planes to modes UVP
 t=   14375.5006891549      =====> Planes to modes NUVP
 t=   14375.5068116982      =====> Derivatives
 t=   14375.5078565867      =====> CFL and Stats
 solving u
 solving w
 solving v
 t=   14375.5199083065      =====> Interpolating
 t=   14375.5288036806      =====> Modes to planes
 t=   14375.5405750055      =====> Spectra
 t=   14375.5405825055      =====> Record Out
 t=   14375.5405837295      =====> Ops in Planes
 t=   14407.9527529553      =====> Planes to modes UVP
 t=   14415.8856117599      =====> Planes to modes NUVP
 t=   14415.8918044362      =====> Derivatives
 t=   14415.8928466677      =====> CFL and Stats
 solving u
 solving w
 solving v
 t=   14415.9097560084      =====> Interpolating
 t=   14415.9192733252      =====> Modes to planes
 t=   14415.9309598851      =====> Spectra
 t=   14415.9309685891      =====> Record Out
 t=   14415.9309701801      =====> Ops in Planes
 t=   14448.3626462835      =====> Planes to modes UVP
 t=   14456.2920036906      =====> Planes to modes NUVP
 t=   14456.2982144509      =====> Derivatives
 t=   14456.2992476864      =====> CFL and Stats
 solving u
 solving w
 solving v
 t=   14456.3115343101      =====> Interpolating
 t=   14456.3208160980      =====> Modes to planes
 t=   14456.3326801459      =====> Spectra
 t=   14456.3326877479      =====> Record Out
 t=   14456.3326892469      =====> Ops in Planes
 t=   14488.7607227818      =====> Planes to modes UVP
 t=   14496.6855533959      =====> Planes to modes NUVP
 t=   14496.6918318091      =====> Derivatives
 t=   14496.6929167467      =====> CFL and Stats
 solving u
 solving w
 solving v
 t=   14496.7051270903      =====> Interpolating
 t=   14496.7145792862      =====> Modes to planes
 t=   14496.7263189531      =====> Spectra
 t=   14496.7263264291      =====> Record Out
 t=   14496.7263277971      =====> Ops in Planes
 t=   14529.2317998343      =====> Planes to modes UVP
 t=   14537.0771275390      =====> Planes to modes NUVP
 t=   14537.0833918703      =====> Derivatives
 t=   14537.0844717508      =====> CFL and Stats
 solving u
 solving w
 solving v
 t=   14537.1016976823      =====> Interpolating
 t=   14537.1110144772      =====> Modes to planes
 t=   14537.1226451112      =====> Spectra
 t=   14537.1226505202      =====> Record Out
 t=   14537.1226518772      =====> Ops in Planes
 t=   14569.5411133773      =====> Planes to modes UVP
 t=   14577.4832315938      =====> Planes to modes NUVP
 t=   14577.4893556641      =====> Derivatives
 t=   14577.4903990417      =====> CFL and Stats
 solving u
 solving w
 solving v
 t=   14577.5020059366      =====> Interpolating
 t=   14577.5115691795      =====> Modes to planes
 t=   14577.5235009063      =====> Spectra
 t=   14577.5235081863      =====> Record Out
 t=   14577.5235095343      =====> Ops in Planes
 t=   14609.9354499932      =====> Planes to modes UVP
 t=   14617.8795694349      =====> Planes to modes NUVP
 t=   14617.8857452252      =====> Derivatives
 t=   14617.8867766557      =====> CFL and Stats
 solving u
 solving w
 solving v
 t=   14617.8984087867      =====> Interpolating
 t=   14617.9084329293      =====> Modes to planes
 t=   14617.9203176801      =====> Spectra
 t=   14617.9216056866      =====> Record Out
 t=   14617.9216092026      =====> Ops in Planes
 t=   14650.3479709293      =====> Planes to modes UVP
 t=   14658.2740408168      =====> Planes to modes NUVP
 t=   14658.2802444241      =====> Derivatives
 t=   14658.2813237266      =====> CFL and Stats
 solving u
 solving w
 solving v
 t=   14658.3463172503      =====> Interpolating
 t=   14658.3552907384      =====> Modes to planes
 t=   14658.3666189745      =====> Spectra
 t=   14658.3666260495      =====> Record Out
 t=   14658.3666276035      =====> Ops in Planes
 t=   14690.7870507387      =====> Planes to modes UVP
 t=   14698.7318286191      =====> Planes to modes NUVP
 t=   14698.7379464914      =====> Derivatives
 t=   14698.7390277819      =====> CFL and Stats
 solving u
 solving w
 solving v
 t=   14698.7509344648      =====> Interpolating
 t=   14698.7600114898      =====> Modes to planes
 t=   14698.7717757437      =====> Spectra
 t=   14698.7717832647      =====> Record Out
 t=   14698.7717846397      =====> Ops in Planes
 t=   14731.1877158289      =====> Planes to modes UVP
 t=   14739.1304395422      =====> Planes to modes NUVP
 t=   14739.1365968155      =====> Derivatives
 t=   14739.1376813960      =====> CFL and Stats
 solving u
 solving w
 solving v
 t=   14739.1496934638      =====> Interpolating
 t=   14739.1589677997      =====> Modes to planes
 t=   14739.1707016966      =====> Spectra
 t=   14739.1707097476      =====> Record Out
 t=   14739.1707110046      =====> Ops in Planes
 t=   14771.5812094242      =====> Planes to modes UVP
 t=   14779.5191041136      =====> Planes to modes NUVP
 t=   14779.5252276029      =====> Derivatives
 t=   14779.5262746014      =====> CFL and Stats
 solving u
 solving w
 solving v
 t=   14779.5421717815      =====> Interpolating
 t=   14779.5510106067      =====> Modes to planes
 t=   14779.5624884397      =====> Spectra
 t=   14779.5624957437      =====> Record Out
 t=   14779.5624970717      =====> Ops in Planes
 t=   14811.9878418158      =====> Planes to modes UVP
 t=   14819.9307999639      =====> Planes to modes NUVP
 t=   14819.9370817532      =====> Derivatives
 t=   14819.9381654677      =====> CFL and Stats
 solving u
 solving w
 solving v
 t=   14819.9500468706      =====> Interpolating
 t=   14819.9588234097      =====> Modes to planes
 t=   14819.9702965257      =====> Spectra
 t=   14819.9703035917      =====> Record Out
 t=   14819.9703048357      =====> Ops in Planes
 t=   14852.3972104172      =====> Planes to modes UVP
 t=   14860.3317596610      =====> Planes to modes NUVP
 t=   14860.3378766033      =====> Derivatives
 t=   14860.3389140309      =====> CFL and Stats
 solving u
 solving w
 solving v
 t=   14860.3507327607      =====> Interpolating
 t=   14860.3595079189      =====> Modes to planes
 t=   14860.3708899930      =====> Spectra
 t=   14860.3708971480      =====> Record Out
 t=   14860.3708984200      =====> Ops in Planes
 t=   14892.7941386770      =====> Planes to modes UVP
 t=   14900.7243527737      =====> Planes to modes NUVP
 t=   14900.7306075250      =====> Derivatives
 t=   14900.7316940645      =====> CFL and Stats
 solving u
 solving w
 solving v
 t=   14900.7475499616      =====> Interpolating
 t=   14900.7565849157      =====> Modes to planes
 t=   14900.7680164067      =====> Spectra
 t=   14900.7680236007      =====> Record Out
 t=   14900.7680248967      =====> Ops in Planes
 t=   14933.1953357199      =====> Planes to modes UVP
 t=   14941.1238895834      =====> Planes to modes NUVP
 t=   14941.1300784557      =====> Derivatives
 t=   14941.1311045752      =====> CFL and Stats
tee: littleharsh_40_sum.log: Disk quota exceeded
 solving u
 solving w
 solving v
 t=   14941.1431518380      =====> Interpolating
 t=   14941.1519302372      =====> Modes to planes
 t=   14941.1636726391      =====> Spectra
 t=   14941.1636795200      =====> Record Out
 t=   14941.1636808430      =====> Ops in Planes
 t=   14973.5857193266      =====> Planes to modes UVP
 t=   14981.5247715685      =====> Planes to modes NUVP
 t=   14981.5309749448      =====> Derivatives
 t=   14981.5320076543      =====> CFL and Stats
 solving u
 solving w
 solving v
 t=   14981.5436584102      =====> Interpolating
 t=   14981.5528647372      =====> Modes to planes
 t=   14981.5643079122      =====> Spectra
 t=   14981.5643152752      =====> Record Out
 t=   14981.5643165382      =====> Ops in Planes
 t=   15013.9839418019      =====> Planes to modes UVP
 t=   15021.9143843735      =====> Planes to modes NUVP
 t=   15021.9205411078      =====> Derivatives
 t=   15021.9215819833      =====> CFL and Stats
 solving u
 solving w
 solving v
 t=   15021.9367528657      =====> Interpolating
 t=   15021.9456177629      =====> Modes to planes
 t=   15021.9569277149      =====> Spectra
 t=   15021.9569344899      =====> Record Out
 t=   15021.9569358889      =====> Ops in Planes
 t=   15054.3950334055      =====> Planes to modes UVP
 t=   15062.3239309518      =====> Planes to modes NUVP
 t=   15062.3300459851      =====> Derivatives
 t=   15062.3311679966      =====> CFL and Stats
 solving u
 solving w
 solving v
 t=   15062.3427986466      =====> Interpolating
 t=   15062.3514773698      =====> Modes to planes
 t=   15062.3629614018      =====> Spectra
 t=   15062.3629684178      =====> Record Out
 t=   15062.3629699318      =====> Ops in Planes
 t=   15094.7871167534      =====> Planes to modes UVP
 t=   15102.7106066240      =====> Planes to modes NUVP
 t=   15102.7168510813      =====> Derivatives
 t=   15102.7178815499      =====> CFL and Stats
 solving u
 solving w
 solving v
 t=   15102.7295522478      =====> Interpolating
 t=   15102.7386058469      =====> Modes to planes
 t=   15102.7501601168      =====> Spectra
 t=   15102.7501675008      =====> Record Out
 t=   15102.7501688038      =====> Ops in Planes
 t=   15135.1789781474      =====> Planes to modes UVP
 t=   15143.1048244570      =====> Planes to modes NUVP
 t=   15143.1109841214      =====> Derivatives
 t=   15143.1121005429      =====> CFL and Stats
 solving u
 solving w
 solving v
 t=   15143.1276103281      =====> Interpolating
 t=   15143.1366650802      =====> Modes to planes
 t=   15143.1481401862      =====> Spectra
 t=   15143.1481467942      =====> Record Out
 t=   15143.1481482042      =====> Ops in Planes
 t=   15175.5801253184      =====> Planes to modes UVP
 t=   15183.5058668861      =====> Planes to modes NUVP
 t=   15183.5120239904      =====> Derivatives
 t=   15183.5131545689      =====> CFL and Stats
 solving u
 solving w
 solving v
 t=   15183.5247460058      =====> Interpolating
 t=   15183.5334272921      =====> Modes to planes
 t=   15183.5448768051      =====> Spectra
 t=   15183.5448839741      =====> Record Out
 t=   15183.5448852131      =====> Ops in Planes
 t=   15215.9738516556      =====> Planes to modes UVP
 t=   15223.8934222079      =====> Planes to modes NUVP
 t=   15223.8995596343      =====> Derivatives
 t=   15223.9006454608      =====> CFL and Stats
 solving u
 solving w
 solving v
 t=   15223.9125367956      =====> Interpolating
 t=   15223.9214260208      =====> Modes to planes
 t=   15223.9327826058      =====> Spectra
 t=   15223.9327903188      =====> Record Out
 t=   15223.9327916478      =====> Ops in Planes
 t=   15256.3600607161      =====> Planes to modes UVP
 t=   15264.2839648945      =====> Planes to modes NUVP
 t=   15264.2901024739      =====> Derivatives
 t=   15264.2912442564      =====> CFL and Stats
 solving u
 solving w
 solving v
 t=   15264.3065060827      =====> Interpolating
 t=   15264.3153413139      =====> Modes to planes
 t=   15264.3267991869      =====> Spectra
 t=   15264.3268064049      =====> Record Out
 t=   15264.3268076399      =====> Ops in Planes
 t=   15296.7666879117      =====> Planes to modes UVP
 t=   15304.6757794876      =====> Planes to modes NUVP
 t=   15304.6819368149      =====> Derivatives
 t=   15304.6829513514      =====> CFL and Stats
 solving u
 solving w
 solving v
 t=   15304.6945226974      =====> Interpolating
 t=   15304.7033796086      =====> Modes to planes
 t=   15304.7148419616      =====> Spectra
 t=   15304.7148492086      =====> Record Out
 t=   15304.7148506166      =====> Ops in Planes
 t=   15337.1536629988      =====> Planes to modes UVP
 t=   15345.0691728739      =====> Planes to modes NUVP
 t=   15345.0752976543      =====> Derivatives
 t=   15345.0763321008      =====> CFL and Stats
 solving u
 solving w
 solving v
 t=   15345.0879221908      =====> Interpolating
 t=   15345.0967727239      =====> Modes to planes
 t=   15345.1082371049      =====> Spectra
 t=   15345.1082436129      =====> Record Out
 t=   15345.1082448999      =====> Ops in Planes
 t=   15377.5415707116      =====> Planes to modes UVP
 t=   15385.4770546270      =====> Planes to modes NUVP
 t=   15385.4831820303      =====> Derivatives
 t=   15385.4842195588      =====> CFL and Stats
 solving u
 solving w
 solving v
 t=   15385.4994803102      =====> Interpolating
 t=   15385.5082874354      =====> Modes to planes
 t=   15385.5197145044      =====> Spectra
 t=   15385.5197208864      =====> Record Out
 t=   15385.5197220964      =====> Ops in Planes
 t=   15417.9337805764      =====> Planes to modes UVP
 t=   15425.8764524907      =====> Planes to modes NUVP
 t=   15425.8825889040      =====> Derivatives
 t=   15425.8836304626      =====> CFL and Stats
 solving u
 solving w
 solving v
 t=   15425.8951752305      =====> Interpolating
 t=   15425.9038529668      =====> Modes to planes
 t=   15425.9153805537      =====> Spectra
 t=   15425.9153851517      =====> Record Out
 t=   15425.9153864047      =====> Ops in Planes
 t=   15458.3358151250      =====> Planes to modes UVP
 t=   15466.2718059722      =====> Planes to modes NUVP
 t=   15466.2778795515      =====> Derivatives
 t=   15466.2790072131      =====> CFL and Stats
 solving u
 solving w
 solving v
 t=   15466.2906619610      =====> Interpolating
 t=   15466.2993645922      =====> Modes to planes
 t=   15466.3108010192      =====> Spectra
 t=   15466.3108078572      =====> Record Out
 t=   15466.3108092312      =====> Ops in Planes
 t=   15498.7257930218      =====> Planes to modes UVP
 t=   15506.6719748796      =====> Planes to modes NUVP
 t=   15506.6781132139      =====> Derivatives
 t=   15506.6791446575      =====> CFL and Stats
 solving u
 solving w
 solving v
 t=   15506.6944323918      =====> Interpolating
 t=   15506.7032136260      =====> Modes to planes
 t=   15506.7145387511      =====> Spectra
 t=   15506.7145463001      =====> Record Out
 t=   15506.7145476701      =====> Ops in Planes
 t=   15539.1397829712      =====> Planes to modes UVP
 t=   15547.0665481484      =====> Planes to modes NUVP
 t=   15547.0727791387      =====> Derivatives
 t=   15547.0738122513      =====> CFL and Stats
 solving u
 solving w
 solving v
 t=   15547.0852827583      =====> Interpolating
 t=   15547.0939932215      =====> Modes to planes
 t=   15547.1054594625      =====> Spectra
 t=   15547.1054658405      =====> Record Out
 t=   15547.1054670815      =====> Ops in Planes
 t=   15579.5168549707      =====> Planes to modes UVP
 t=   15587.4623882467      =====> Planes to modes NUVP
 t=   15587.4685479520      =====> Derivatives
 t=   15587.4695751866      =====> CFL and Stats
 solving u
 solving w
 solving v
 t=   15587.4811584295      =====> Interpolating
 t=   15587.4900105847      =====> Modes to planes
 t=   15587.5013858257      =====> Spectra
 t=   15587.5013931697      =====> Record Out
 t=   15587.5013944667      =====> Ops in Planes
 t=   15619.9276297015      =====> Planes to modes UVP
 t=   15627.8874546533      =====> Planes to modes NUVP
 t=   15627.8936244676      =====> Derivatives
 t=   15627.8947448931      =====> CFL and Stats
 solving u
 solving w
 solving v
 t=   15627.9100973064      =====> Interpolating
 t=   15627.9189026536      =====> Modes to planes
 t=   15627.9302121167      =====> Spectra
 t=   15627.9302196187      =====> Record Out
 t=   15627.9302211127      =====> Ops in Planes
 t=   15660.3652766685      =====> Planes to modes UVP
 t=   15668.3017776505      =====> Planes to modes NUVP
 t=   15668.3079388448      =====> Derivatives
 t=   15668.3089726224      =====> CFL and Stats
 solving u
 solving w
 solving v
 t=   15668.3205034554      =====> Interpolating
 t=   15668.3293215165      =====> Modes to planes
 t=   15668.3407913105      =====> Spectra
 t=   15668.3407994815      =====> Record Out
 t=   15668.3408007505      =====> Ops in Planes
 t=   15700.7841243748      =====> Planes to modes UVP
 t=   15708.7117063727      =====> Planes to modes NUVP
 t=   15708.7178261780      =====> Derivatives
 t=   15708.7188571395      =====> CFL and Stats
 solving u
 solving w
 solving v
 t=   15708.7304309935      =====> Interpolating
 t=   15708.7392240267      =====> Modes to planes
 t=   15708.7507197747      =====> Spectra
 t=   15708.7507263977      =====> Record Out
 t=   15708.7507277257      =====> Ops in Planes
 t=   15741.1734395959      =====> Planes to modes UVP
 t=   15749.1230728962      =====> Planes to modes NUVP
 t=   15749.1293052225      =====> Derivatives
 t=   15749.1303458130      =====> CFL and Stats
 solving u
 solving w
 solving v
 t=   15749.1455854914      =====> Interpolating
 t=   15749.1543878996      =====> Modes to planes
 t=   15749.1657742896      =====> Spectra
 t=   15749.1657804976      =====> Record Out
 t=   15749.1657816756      =====> Ops in Planes
 t=   15781.5838852639      =====> Planes to modes UVP
 t=   15789.5243848711      =====> Planes to modes NUVP
 t=   15789.5305546034      =====> Derivatives
 t=   15789.5315887489      =====> CFL and Stats
 solving u
 solving w
 solving v
 t=   15789.5431466659      =====> Interpolating
 t=   15789.5518646931      =====> Modes to planes
 t=   15789.5632470672      =====> Spectra
 t=   15789.5632544442      =====> Record Out
 t=   15789.5632556562      =====> Ops in Planes
 t=   15821.9979227672      =====> Planes to modes UVP
 t=   15829.9186148621      =====> Planes to modes NUVP
 t=   15829.9247534164      =====> Derivatives
 t=   15829.9257703280      =====> CFL and Stats
 solving u
 solving w
 solving v
 t=   15829.9373573899      =====> Interpolating
 t=   15829.9461664301      =====> Modes to planes
 t=   15829.9576177641      =====> Spectra
 t=   15829.9576255041      =====> Record Out
 t=   15829.9576267751      =====> Ops in Planes
 t=   15862.3795700187      =====> Planes to modes UVP
 t=   15870.3368752086      =====> Planes to modes NUVP
 t=   15870.3430755339      =====> Derivatives
 t=   15870.3441141024      =====> CFL and Stats
 solving u
 solving w
 solving v
 t=   15870.3594984377      =====> Interpolating
 t=   15870.3681921400      =====> Modes to planes
 t=   15870.3795384220      =====> Spectra
 t=   15870.3795455700      =====> Record Out
 t=   15870.3795468990      =====> Ops in Planes
 t=   15902.7981126661      =====> Planes to modes UVP
 t=   15910.7322796261      =====> Planes to modes NUVP
 t=   15910.7384036704      =====> Derivatives
 t=   15910.7394492789      =====> CFL and Stats
 solving u
 solving w
 solving v
 t=   15910.7510359709      =====> Interpolating
 t=   15910.7598296411      =====> Modes to planes
 t=   15910.7712707291      =====> Spectra
 t=   15910.7712767381      =====> Record Out
 t=   15910.7712779701      =====> Ops in Planes
 t=   15943.1890196515      =====> Planes to modes UVP
 t=   15951.1304431583      =====> Planes to modes NUVP
 t=   15951.1366185987      =====> Derivatives
 t=   15951.1376505182      =====> CFL and Stats
 solving u
 solving w
 solving v
 t=   15951.1493554181      =====> Interpolating
 t=   15951.1580400523      =====> Modes to planes
 t=   15951.1693771894      =====> Spectra
 t=   15951.1693843474      =====> Record Out
 t=   15951.1693856974      =====> Ops in Planes
 t=   15983.5881059844      =====> Planes to modes UVP
 t=   15991.5455607872      =====> Planes to modes NUVP
 t=   15991.5516792576      =====> Derivatives
 t=   15991.5527198271      =====> CFL and Stats
 solving u
 solving w
 solving v
 t=   15991.5679302105      =====> Interpolating
 t=   15991.5767229337      =====> Modes to planes
 t=   15991.5880713487      =====> Spectra
 t=   15991.5880785157      =====> Record Out
 t=   15991.5880797777      =====> Ops in Planes
 t=   16024.0029175754      =====> Planes to modes UVP
 t=   16031.9448159000      =====> Planes to modes NUVP
 t=   16031.9509647364      =====> Derivatives
 t=   16031.9519825579      =====> CFL and Stats
 solving u
 solving w
 solving v
 t=   16031.9635242659      =====> Interpolating
 t=   16031.9723400630      =====> Modes to planes
 t=   16031.9837147341      =====> Spectra
 t=   16031.9837222501      =====> Record Out
 t=   16031.9837235231      =====> Ops in Planes
 t=   16064.3927726693      =====> Planes to modes UVP
 t=   16072.3274652441      =====> Planes to modes NUVP
 t=   16072.3336336364      =====> Derivatives
 t=   16072.3346783179      =====> CFL and Stats
 solving u
 solving w
 solving v
 t=   16072.3462303569      =====> Interpolating
 t=   16072.3550341911      =====> Modes to planes
 t=   16072.3664684361      =====> Spectra
 t=   16072.3664745831      =====> Record Out
 t=   16072.3664759251      =====> Ops in Planes
 t=   16104.7937100684      =====> Planes to modes UVP
 t=   16112.7211235643      =====> Planes to modes NUVP
 t=   16112.7272413726      =====> Derivatives
 t=   16112.7282582812      =====> CFL and Stats
 solving u
 solving w
 solving v
 t=   16112.7436545325      =====> Interpolating
 t=   16112.7523299007      =====> Modes to planes
 t=   16112.7636059928      =====> Spectra
 t=   16112.7636119188      =====> Record Out
 t=   16112.7636133508      =====> Ops in Planes
 t=   16145.1943840285      =====> Planes to modes UVP
 t=   16153.1147090066      =====> Planes to modes NUVP
 t=   16153.1209643058      =====> Derivatives
 t=   16153.1219892834      =====> CFL and Stats
 solving u
 solving w
 solving v
 t=   16153.1335755283      =====> Interpolating
 t=   16153.1423976625      =====> Modes to planes
 t=   16153.1538495755      =====> Spectra
 t=   16153.1538573065      =====> Record Out
 t=   16153.1538586345      =====> Ops in Planes
 t=   16185.5808938469      =====> Planes to modes UVP
 t=   16193.5057933229      =====> Planes to modes NUVP
 t=   16193.5119151372      =====> Derivatives
 t=   16193.5129511658      =====> CFL and Stats
 solving u
 solving w
 solving v
 t=   16193.5246298327      =====> Interpolating
 t=   16193.5333173139      =====> Modes to planes
 t=   16193.5446575740      =====> Spectra
 t=   16193.5446642080      =====> Record Out
 t=   16193.5446655380      =====> Ops in Planes
 t=   16226.3744581220      =====> Planes to modes UVP
 t=   16233.9558058976      =====> Planes to modes NUVP
 t=   16233.9620036399      =====> Derivatives
 t=   16233.9631193634      =====> CFL and Stats
 solving u
 solving w
 solving v
 t=   16233.9783994178      =====> Interpolating
 t=   16233.9872274069      =====> Modes to planes
 t=   16233.9986555500      =====> Spectra
 t=   16233.9986617410      =====> Record Out
 t=   16233.9986631510      =====> Ops in Planes
 t=   16266.6323599464      =====> Planes to modes UVP
 t=   16274.4761916647      =====> Planes to modes NUVP
 t=   16274.4823096790      =====> Derivatives
 t=   16274.4833351646      =====> CFL and Stats
 solving u
 solving w
 solving v
 t=   16274.4948787315      =====> Interpolating
 t=   16274.5036611417      =====> Modes to planes
 t=   16274.5150053358      =====> Spectra
 t=   16274.5150117248      =====> Record Out
 t=   16274.5150131018      =====> Ops in Planes
 t=   16306.9494761429      =====> Planes to modes UVP
 t=   16314.8918019204      =====> Planes to modes NUVP
 t=   16314.8980360256      =====> Derivatives
 t=   16314.8990738232      =====> CFL and Stats
 solving u
 solving w
 solving v
 t=   16314.9106173672      =====> Interpolating
 t=   16314.9193210274      =====> Modes to planes
 t=   16314.9307952674      =====> Spectra
 t=   16314.9308013694      =====> Record Out
 t=   16314.9308025854      =====> Ops in Planes
 t=   16347.3654921094      =====> Planes to modes UVP
 t=   16355.3057383668      =====> Planes to modes NUVP
 t=   16355.3118580091      =====> Derivatives
 t=   16355.3128918716      =====> CFL and Stats
 solving u
 solving w
 solving v
 t=   16355.3283015239      =====> Interpolating
 t=   16355.3369794912      =====> Modes to planes
 t=   16355.3483520952      =====> Spectra
 t=   16355.3483594172      =====> Record Out
 t=   16355.3483610512      =====> Ops in Planes
 t=   16387.7642008915      =====> Planes to modes UVP
 t=   16395.6898183872      =====> Planes to modes NUVP
 t=   16395.6959378265      =====> Derivatives
 t=   16395.6969778960      =====> CFL and Stats
 solving u
 solving w
 solving v
 t=   16395.7085175560      =====> Interpolating
 t=   16395.7173075202      =====> Modes to planes
 t=   16395.7287066152      =====> Spectra
 t=   16395.7287144312      =====> Record Out
 t=   16395.7287156892      =====> Ops in Planes
 t=   16428.1533148297      =====> Planes to modes UVP
 t=   16436.1102115668      =====> Planes to modes NUVP
 t=   16436.1163466851      =====> Derivatives
 t=   16436.1173787506      =====> CFL and Stats
 solving u
 solving w
 solving v
 t=   16436.1289435206      =====> Interpolating
 t=   16436.1377242368      =====> Modes to planes
 t=   16436.1491718438      =====> Spectra
 t=   16436.1491781428      =====> Record Out
 t=   16436.1491794758      =====> Ops in Planes
 t=   16468.5625245901      =====> Planes to modes UVP
 t=   16476.5183204727      =====> Planes to modes NUVP
 t=   16476.5244025610      =====> Derivatives
 t=   16476.5255361526      =====> CFL and Stats
 solving u
 solving w
 solving v
 t=   16476.5408060019      =====> Interpolating
 t=   16476.5496080061      =====> Modes to planes
 t=   16476.5609968161      =====> Spectra
 t=   16476.5610030221      =====> Record Out
 t=   16476.5610044701      =====> Ops in Planes
 t=   16508.9691346437      =====> Planes to modes UVP
 t=   16516.9023765041      =====> Planes to modes NUVP
 t=   16516.9084587105      =====> Derivatives
 t=   16516.9094913980      =====> CFL and Stats
 solving u
 solving w
 solving v
 t=   16516.9212377309      =====> Interpolating
 t=   16516.9299449301      =====> Modes to planes
 t=   16516.9412873312      =====> Spectra
 t=   16516.9412935142      =====> Record Out
 t=   16516.9412949512      =====> Ops in Planes
 t=   16549.3595256704      =====> Planes to modes UVP
 t=   16557.3030931053      =====> Planes to modes NUVP
 t=   16557.3092713356      =====> Derivatives
 t=   16557.3103089861      =====> CFL and Stats
 solving u
 solving w
 solving v
 t=   16557.3218485341      =====> Interpolating
 t=   16557.3307200652      =====> Modes to planes
 t=   16557.3421249183      =====> Spectra
 t=   16557.3421304853      =====> Record Out
 t=   16557.3421318783      =====> Ops in Planes
 t=   16589.7608420723      =====> Planes to modes UVP
 t=   16597.6936133609      =====> Planes to modes NUVP
 t=   16597.6997248032      =====> Derivatives
 t=   16597.7007492628      =====> CFL and Stats
 solving u
 solving w
 solving v
 t=   16597.7160151011      =====> Interpolating
 t=   16597.7247988273      =====> Modes to planes
 t=   16597.7361334694      =====> Spectra
 t=   16597.7361393504      =====> Record Out
 t=   16597.7361407464      =====> Ops in Planes
 t=   16630.1565797586      =====> Planes to modes UVP
 t=   16638.0892137263      =====> Planes to modes NUVP
 t=   16638.0953947366      =====> Derivatives
 t=   16638.0964292631      =====> CFL and Stats
 solving u
 solving w
 solving v
 t=   16638.1079779661      =====> Interpolating
 t=   16638.1166901483      =====> Modes to planes
 t=   16638.1281052773      =====> Spectra
 t=   16638.1281124993      =====> Record Out
 t=   16638.1281137193      =====> Ops in Planes
 t=   16670.5588973531      =====> Planes to modes UVP
 t=   16678.4984025477      =====> Planes to modes NUVP
 t=   16678.5045923240      =====> Derivatives
 t=   16678.5056245966      =====> CFL and Stats
 solving u
 solving w
 solving v
 t=   16678.5171954985      =====> Interpolating
 t=   16678.5260118327      =====> Modes to planes
 t=   16678.5373458328      =====> Spectra
 t=   16678.5373519878      =====> Record Out
 t=   16678.5373533108      =====> Ops in Planes
 t=   16710.9512280229      =====> Planes to modes UVP
 t=   16718.8849449131      =====> Planes to modes NUVP
 t=   16718.8910662904      =====> Derivatives
 t=   16718.8920918989      =====> CFL and Stats
 solving u
 solving w
 solving v
 t=   16718.9073986553      =====> Interpolating
 t=   16718.9161883805      =====> Modes to planes
 t=   16718.9275999855      =====> Spectra
 t=   16718.9276062925      =====> Record Out
 t=   16718.9276078485      =====> Ops in Planes
 t=   16751.3370459885      =====> Planes to modes UVP
 t=   16759.2928646611      =====> Planes to modes NUVP
 t=   16759.2989930064      =====> Derivatives
 t=   16759.3000222180      =====> CFL and Stats
 solving u
 solving w
 solving v
 t=   16759.3116069489      =====> Interpolating
 t=   16759.3203993471      =====> Modes to planes
 t=   16759.3317746541      =====> Spectra
 t=   16759.3317813941      =====> Record Out
 t=   16759.3317827381      =====> Ops in Planes
 t=   16791.7491323257      =====> Planes to modes UVP
 t=   16799.7050343783      =====> Planes to modes NUVP
 t=   16799.7111905296      =====> Derivatives
 t=   16799.7122211071      =====> CFL and Stats
 solving u
 solving w
 solving v
 t=   16799.7238067071      =====> Interpolating
 t=   16799.7326198063      =====> Modes to planes
 t=   16799.7440834473      =====> Spectra
 t=   16799.7440906663      =====> Record Out
 t=   16799.7440921503      =====> Ops in Planes
 t=   16832.1629968072      =====> Planes to modes UVP
 t=   16840.1226635401      =====> Planes to modes NUVP
 t=   16840.1287875244      =====> Derivatives
 t=   16840.1298190049      =====> CFL and Stats
 solving u
 solving w
 solving v
 t=   16840.1452410092      =====> Interpolating
 t=   16840.1539468994      =====> Modes to planes
 t=   16840.1652334095      =====> Spectra
 t=   16840.1652428375      =====> Record Out
 t=   16840.1652442655      =====> Ops in Planes
 t=   16872.5856605218      =====> Planes to modes UVP
 t=   16880.5316429626      =====> Planes to modes NUVP
 t=   16880.5377712390      =====> Derivatives
 t=   16880.5389474284      =====> CFL and Stats
 solving u
 solving w
 solving v
 t=   16880.5504907574      =====> Interpolating
 t=   16880.5591774456      =====> Modes to planes
 t=   16880.5706947776      =====> Spectra
 t=   16880.5707005936      =====> Record Out
 t=   16880.5707018916      =====> Ops in Planes
 t=   16912.9953230691      =====> Planes to modes UVP
 t=   16920.9438950208      =====> Planes to modes NUVP
 t=   16920.9500006311      =====> Derivatives
 t=   16920.9510431666      =====> CFL and Stats
 solving u
 solving w
 solving v
 t=   16920.9625597806      =====> Interpolating
 t=   16920.9713703948      =====> Modes to planes
 t=   16920.9827631638      =====> Spectra
 t=   16920.9827691928      =====> Record Out
 t=   16920.9827705178      =====> Ops in Planes
 t=   16953.4050520883      =====> Planes to modes UVP
 t=   16961.3654183529      =====> Planes to modes NUVP
 t=   16961.3715797942      =====> Derivatives
 t=   16961.3726004567      =====> CFL and Stats
 solving u
 solving w
 solving v
 t=   16961.3880335130      =====> Interpolating
 t=   16961.3968457922      =====> Modes to planes
 t=   16961.4081835182      =====> Spectra
 t=   16961.4081900292      =====> Record Out
 t=   16961.4081915002      =====> Ops in Planes
 t=   16993.8228511710      =====> Planes to modes UVP
 t=   17001.7599359727      =====> Planes to modes NUVP
 t=   17001.7660375781      =====> Derivatives
 t=   17001.7670716576      =====> CFL and Stats
 solving u
 solving w
 solving v
 t=   17001.7786051346      =====> Interpolating
 t=   17001.7874289178      =====> Modes to planes
 t=   17001.7988066498      =====> Spectra
 t=   17001.7988149328      =====> Record Out
 t=   17001.7988161028      =====> Ops in Planes
 t=   17034.2185304964      =====> Planes to modes UVP
 t=   17042.1804151903      =====> Planes to modes NUVP
 t=   17042.1865690636      =====> Derivatives
 t=   17042.1876007212      =====> CFL and Stats
 solving u
 solving w
 solving v
 t=   17042.1991164071      =====> Interpolating
 t=   17042.2079331873      =====> Modes to planes
 t=   17042.2192827744      =====> Spectra
 t=   17042.2205127708      =====> Record Out
 t=   17042.2205164588      =====> Ops in Planes
 t=   17074.6250813900      =====> Planes to modes UVP
 t=   17082.5707626310      =====> Planes to modes NUVP
 t=   17082.5769440523      =====> Derivatives
 t=   17082.5779845848      =====> CFL and Stats
 solving u
 solving w
 solving v
 t=   17082.6426126987      =====> Interpolating
 t=   17082.6512175779      =====> Modes to planes
 t=   17082.6628149419      =====> Spectra
 t=   17082.6628219359      =====> Record Out
 t=   17082.6628231849      =====> Ops in Planes
 t=   17115.0593775845      =====> Planes to modes UVP
 t=   17123.0170649503      =====> Planes to modes NUVP
 t=   17123.0232155966      =====> Derivatives
 t=   17123.0242419171      =====> CFL and Stats
 solving u
 solving w
 solving v
 t=   17123.0358056751      =====> Interpolating
 t=   17123.0446020023      =====> Modes to planes
 t=   17123.0560170833      =====> Spectra
 t=   17123.0560228713      =====> Record Out
 t=   17123.0560241453      =====> Ops in Planes
 t=   17155.4861714473      =====> Planes to modes UVP
 t=   17163.4584871327      =====> Planes to modes NUVP
 t=   17163.4648046810      =====> Derivatives
 t=   17163.4658377195      =====> CFL and Stats
 solving u
 solving w
 solving v
 t=   17163.4773854915      =====> Interpolating
 t=   17163.4862148636      =====> Modes to planes
 t=   17163.4975655987      =====> Spectra
 t=   17163.4975723437      =====> Record Out
 t=   17163.4975737257      =====> Ops in Planes
 t=   17195.9102965123      =====> Planes to modes UVP
 t=   17203.8501884098      =====> Planes to modes NUVP
 t=   17203.8564132151      =====> Derivatives
 t=   17203.8574474556      =====> CFL and Stats
 solving u
 solving w
 solving v
 t=   17203.8727827190      =====> Interpolating
 t=   17203.8815469541      =====> Modes to planes
 t=   17203.8929940352      =====> Spectra
 t=   17203.8930024372      =====> Record Out
 t=   17203.8930037782      =====> Ops in Planes
 t=   17236.2998962483      =====> Planes to modes UVP
 t=   17244.2503895542      =====> Planes to modes NUVP
 t=   17244.2565354105      =====> Derivatives
 t=   17244.2575775391      =====> CFL and Stats
 solving u
 solving w
 solving v
 t=   17244.2691113920      =====> Interpolating
 t=   17244.2778928882      =====> Modes to planes
 t=   17244.2892689323      =====> Spectra
 t=   17244.2892753083      =====> Record Out
 t=   17244.2892767523      =====> Ops in Planes
 t=   17276.6981968125      =====> Planes to modes UVP
 t=   17284.6549705427      =====> Planes to modes NUVP
 t=   17284.6611092310      =====> Derivatives
 t=   17284.6622236965      =====> CFL and Stats
 solving u
 solving w
 solving v
 t=   17284.6738072935      =====> Interpolating
 t=   17284.6825140177      =====> Modes to planes
 t=   17284.6939290797      =====> Spectra
 t=   17284.6939358437      =====> Record Out
 t=   17284.6939374687      =====> Ops in Planes
 t=   17317.0950109574      =====> Planes to modes UVP
 t=   17325.0475362734      =====> Planes to modes NUVP
 t=   17325.0536999437      =====> Derivatives
 t=   17325.0547351522      =====> CFL and Stats
 solving u
 solving w
 solving v
 t=   17325.0699729536      =====> Interpolating
 t=   17325.0788177968      =====> Modes to planes
 t=   17325.0901263968      =====> Spectra
 t=   17325.0901329018      =====> Record Out
 t=   17325.0901341908      =====> Ops in Planes
 t=   17357.4937506044      =====> Planes to modes UVP
 t=   17365.4537715931      =====> Planes to modes NUVP
 t=   17365.4598882145      =====> Derivatives
 t=   17365.4609217710      =====> CFL and Stats
 solving u
 solving w
 solving v
 t=   17365.4724699720      =====> Interpolating
 t=   17365.4812587402      =====> Modes to planes
 t=   17365.4927013352      =====> Spectra
 t=   17365.4927083742      =====> Record Out
 t=   17365.4927097062      =====> Ops in Planes
 t=   17397.9014287775      =====> Planes to modes UVP
 t=   17405.8524198112      =====> Planes to modes NUVP
 t=   17405.8585455695      =====> Derivatives
 t=   17405.8596583330      =====> CFL and Stats
 solving u
 solving w
 solving v
 t=   17405.8712406570      =====> Interpolating
 t=   17405.8799638802      =====> Modes to planes
 t=   17405.8913836192      =====> Spectra
 t=   17405.8913898842      =====> Record Out
 t=   17405.8913911332      =====> Ops in Planes
 t=   17438.2982365754      =====> Planes to modes UVP
 t=   17446.2431776867      =====> Planes to modes NUVP
 t=   17446.2493595320      =====> Derivatives
 t=   17446.2503825186      =====> CFL and Stats
 solving u
 solving w
 solving v
 t=   17446.2657522459      =====> Interpolating
 t=   17446.2744589661      =====> Modes to planes
 t=   17446.2858388941      =====> Spectra
 t=   17446.2858458541      =====> Record Out
 t=   17446.2858471361      =====> Ops in Planes
 t=   17478.6962731007      =====> Planes to modes UVP
 t=   17486.6587154004      =====> Planes to modes NUVP
 t=   17486.6648855927      =====> Derivatives
 t=   17486.6659217443      =====> CFL and Stats
 solving u
 solving w
 solving v
 t=   17486.6774673172      =====> Interpolating
 t=   17486.6862709014      =====> Modes to planes
 t=   17486.6976608524      =====> Spectra
 t=   17486.6976665954      =====> Record Out
 t=   17486.6976683614      =====> Ops in Planes
 t=   17519.0998335896      =====> Planes to modes UVP
 t=   17527.0480198325      =====> Planes to modes NUVP
 t=   17527.0541634679      =====> Derivatives
 t=   17527.0551928494      =====> CFL and Stats
 solving u
 solving w
 solving v
 t=   17527.0666603924      =====> Interpolating
 t=   17527.0754752386      =====> Modes to planes
 t=   17527.0869570006      =====> Spectra
 t=   17527.0869634686      =====> Record Out
 t=   17527.0869646876      =====> Ops in Planes
 t=   17559.4873777005      =====> Planes to modes UVP
 t=   17567.4358614403      =====> Planes to modes NUVP
 t=   17567.4420147506      =====> Derivatives
 t=   17567.4430451992      =====> CFL and Stats
 solving u
 solving w
 solving v
 t=   17567.4583943295      =====> Interpolating
 t=   17567.4671911487      =====> Modes to planes
 t=   17567.4785145087      =====> Spectra
 t=   17567.4785220747      =====> Record Out
 t=   17567.4785235697      =====> Ops in Planes
 t=   17599.8817218775      =====> Planes to modes UVP
 t=   17607.8484845463      =====> Planes to modes NUVP
 t=   17607.8546441726      =====> Derivatives
 t=   17607.8557374791      =====> CFL and Stats
 solving u
 solving w
 solving v
 t=   17607.8677865199      =====> Interpolating
 t=   17607.8767866420      =====> Modes to planes
 t=   17607.8882242380      =====> Spectra
 t=   17607.8882308490      =====> Record Out
 t=   17607.8882320990      =====> Ops in Planes
 t=   17640.2892586487      =====> Planes to modes UVP
 t=   17648.2388431219      =====> Planes to modes NUVP
 t=   17648.2450417682      =====> Derivatives
 t=   17648.2461703727      =====> CFL and Stats
 solving u
 solving w
 solving v
 t=   17648.2577071707      =====> Interpolating
 t=   17648.2663979459      =====> Modes to planes
 t=   17648.2778275970      =====> Spectra
 t=   17648.2778344830      =====> Record Out
 t=   17648.2778361650      =====> Ops in Planes
 t=   17680.6816064225      =====> Planes to modes UVP
 t=   17688.6272462685      =====> Planes to modes NUVP
 t=   17688.6333661698      =====> Derivatives
 t=   17688.6344000773      =====> CFL and Stats
 solving u
 solving w
 solving v
 t=   17688.6501860065      =====> Interpolating
 t=   17688.6589673667      =====> Modes to planes
 t=   17688.6703106227      =====> Spectra
 t=   17688.6703173407      =====> Record Out
 t=   17688.6703185667      =====> Ops in Planes
 t=   17721.0799963696      =====> Planes to modes UVP
 t=   17729.0325096696      =====> Planes to modes NUVP
 t=   17729.0386968779      =====> Derivatives
 t=   17729.0397089715      =====> CFL and Stats
 solving u
 solving w
 solving v
 t=   17729.0512803255      =====> Interpolating
 t=   17729.0600810426      =====> Modes to planes
 t=   17729.0714207347      =====> Spectra
 t=   17729.0714275327      =====> Record Out
 t=   17729.0714290157      =====> Ops in Planes
 t=   17761.4768876035      =====> Planes to modes UVP
 t=   17769.4206054853      =====> Planes to modes NUVP
 t=   17769.4267164196      =====> Derivatives
 t=   17769.4277412912      =====> CFL and Stats
 solving u
 solving w
 solving v
 t=   17769.4392737832      =====> Interpolating
 t=   17769.4480862193      =====> Modes to planes
 t=   17769.4594779244      =====> Spectra
 t=   17769.4594839424      =====> Record Out
 t=   17769.4594852364      =====> Ops in Planes
 t=   17801.8591747177      =====> Planes to modes UVP
 t=   17809.8049597646      =====> Planes to modes NUVP
 t=   17809.8111837619      =====> Derivatives
 t=   17809.8122196244      =====> CFL and Stats
 solving u
 solving w
 solving v
 t=   17809.8274850448      =====> Interpolating
 t=   17809.8362635330      =====> Modes to planes
 t=   17809.8475893830      =====> Spectra
 t=   17809.8475963160      =====> Record Out
 t=   17809.8475975450      =====> Ops in Planes
 t=   17842.2513614155      =====> Planes to modes UVP
 t=   17850.2158117943      =====> Planes to modes NUVP
 t=   17850.2219295217      =====> Derivatives
 t=   17850.2229589542      =====> CFL and Stats
 solving u
 solving w
 solving v
 t=   17850.2345525162      =====> Interpolating
 t=   17850.2433451493      =====> Modes to planes
 t=   17850.2547171914      =====> Spectra
 t=   17850.2547239814      =====> Record Out
 t=   17850.2547252614      =====> Ops in Planes
 t=   17882.6751919856      =====> Planes to modes UVP
 t=   17890.6184004337      =====> Planes to modes NUVP
 t=   17890.6245315010      =====> Derivatives
 t=   17890.6255757406      =====> CFL and Stats
 solving u
 solving w
 solving v
 t=   17890.6371197315      =====> Interpolating
 t=   17890.6459246297      =====> Modes to planes
 t=   17890.6572851718      =====> Spectra
 t=   17890.6572915247      =====> Record Out
 t=   17890.6572928067      =====> Ops in Planes
 t=   17923.0703364912      =====> Planes to modes UVP
 t=   17931.0155921274      =====> Planes to modes NUVP
 t=   17931.0217570397      =====> Derivatives
 t=   17931.0227909622      =====> CFL and Stats
 solving u
 solving w
 solving v
 t=   17931.0381488676      =====> Interpolating
 t=   17931.0468272228      =====> Modes to planes
 t=   17931.0582074858      =====> Spectra
 t=   17931.0582144298      =====> Record Out
 t=   17931.0582156138      =====> Ops in Planes
 t=   17963.4656581767      =====> Planes to modes UVP
 t=   17971.4183431096      =====> Planes to modes NUVP
 t=   17971.4245176470      =====> Derivatives
 t=   17971.4255539895      =====> CFL and Stats
 solving u
 solving w
 solving v
 t=   17971.4371443755      =====> Interpolating
 t=   17971.4459518926      =====> Modes to planes
 t=   17971.4573618857      =====> Spectra
 t=   17971.4573689297      =====> Record Out
 t=   17971.4573702967      =====> Ops in Planes
 t=   18003.8624229106      =====> Planes to modes UVP
 t=   18011.8193240327      =====> Planes to modes NUVP
 t=   18011.8254933210      =====> Derivatives
 t=   18011.8265284176      =====> CFL and Stats
 solving u
 solving w
 solving v
 t=   18011.8380762865      =====> Interpolating
 t=   18011.8469172827      =====> Modes to planes
 t=   18011.8582985927      =====> Spectra
 t=   18011.8583122517      =====> Record Out
 t=   18011.8583136087      =====> Ops in Planes
 t=   18044.2545354675      =====> Planes to modes UVP
 t=   18052.2109582428      =====> Planes to modes NUVP
 t=   18052.2170957651      =====> Derivatives
 t=   18052.2181260607      =====> CFL and Stats
 solving u
 solving w
 solving v
 t=   18052.2333380811      =====> Interpolating
 t=   18052.2421670292      =====> Modes to planes
 t=   18052.2535255453      =====> Spectra
 t=   18052.2535316003      =====> Record Out
 t=   18052.2535328023      =====> Ops in Planes
 t=   18084.6721107133      =====> Planes to modes UVP
 t=   18092.6314041674      =====> Planes to modes NUVP
 t=   18092.6375377057      =====> Derivatives
 t=   18092.6385683973      =====> CFL and Stats
 solving u
 solving w
 solving v
 t=   18092.6500731033      =====> Interpolating
 t=   18092.6589112694      =====> Modes to planes
 t=   18092.6702553715      =====> Spectra
 t=   18092.6702623075      =====> Record Out
 t=   18092.6702634915      =====> Ops in Planes
 t=   18125.0748104666      =====> Planes to modes UVP
 t=   18133.0340127837      =====> Planes to modes NUVP
 t=   18133.0402498600      =====> Derivatives
 t=   18133.0412735516      =====> CFL and Stats
 solving u
 solving w
 solving v
 t=   18133.0528664405      =====> Interpolating
 t=   18133.0616443107      =====> Modes to planes
 t=   18133.0730620877      =====> Spectra
 t=   18133.0730666827      =====> Record Out
 t=   18133.0730680507      =====> Ops in Planes
 t=   18165.4723774002      =====> Planes to modes UVP
 t=   18173.4378419815      =====> Planes to modes NUVP
 t=   18173.4439665639      =====> Derivatives
 t=   18173.4449859774      =====> CFL and Stats
 solving u
 solving w
 solving v
 t=   18173.4603873577      =====> Interpolating
 t=   18173.4691789089      =====> Modes to planes
 t=   18173.4805804349      =====> Spectra
 t=   18173.4805870729      =====> Record Out
 t=   18173.4805885939      =====> Ops in Planes
 t=   18205.9038193080      =====> Planes to modes UVP
 t=   18213.8485911303      =====> Planes to modes NUVP
 t=   18213.8547759806      =====> Derivatives
 t=   18213.8558228432      =====> CFL and Stats
 solving u
 solving w
 solving v
 t=   18213.8673848741      =====> Interpolating
 t=   18213.8761881643      =====> Modes to planes
 t=   18213.8875444284      =====> Spectra
 t=   18213.8875488164      =====> Record Out
 t=   18213.8875499724      =====> Ops in Planes
 t=   18246.3003687619      =====> Planes to modes UVP
 t=   18254.2517034344      =====> Planes to modes NUVP
 t=   18254.2578802687      =====> Derivatives
 t=   18254.2589192373      =====> CFL and Stats
 solving u
 solving w
 solving v
 t=   18254.2704809733      =====> Interpolating
 t=   18254.2793051984      =====> Modes to planes
 t=   18254.2907220014      =====> Spectra
 t=   18254.2907279264      =====> Record Out
 t=   18254.2907291954      =====> Ops in Planes
 t=   18286.6984073883      =====> Planes to modes UVP
 t=   18294.6787629361      =====> Planes to modes NUVP
 t=   18294.6849129145      =====> Derivatives
 t=   18294.6859375440      =====> CFL and Stats
 solving u
 solving w
 solving v
 t=   18294.7013419553      =====> Interpolating
 t=   18294.7100408095      =====> Modes to planes
 t=   18294.7214830595      =====> Spectra
 t=   18294.7214901875      =====> Record Out
 t=   18294.7214913675      =====> Ops in Planes
 t=   18327.1207915270      =====> Planes to modes UVP
 t=   18335.0975514654      =====> Planes to modes NUVP
 t=   18335.1037547377      =====> Derivatives
 t=   18335.1047947793      =====> CFL and Stats
 solving u
 solving w
 solving v
 t=   18335.1163713322      =====> Interpolating
 t=   18335.1252255374      =====> Modes to planes
 t=   18335.1366202964      =====> Spectra
 t=   18335.1366286894      =====> Record Out
 t=   18335.1366298764      =====> Ops in Planes
 t=   18367.5522821157      =====> Planes to modes UVP
 t=   18375.5064648700      =====> Planes to modes NUVP
 t=   18375.5126923683      =====> Derivatives
 t=   18375.5137101959      =====> CFL and Stats
 solving u
 solving w
 solving v
 t=   18375.5252148029      =====> Interpolating
 t=   18375.5339738080      =====> Modes to planes
 t=   18375.5454617810      =====> Spectra
 t=   18375.5454679380      =====> Record Out
 t=   18375.5454692260      =====> Ops in Planes
 t=   18407.9468040526      =====> Planes to modes UVP
 t=   18415.9156896095      =====> Planes to modes NUVP
 t=   18415.9218254098      =====> Derivatives
 t=   18415.9228595324      =====> CFL and Stats
 solving u
 solving w
 solving v
 t=   18415.9383377336      =====> Interpolating
 t=   18415.9471351758      =====> Modes to planes
 t=   18415.9585527578      =====> Spectra
 t=   18415.9585578768      =====> Record Out
 t=   18415.9585593658      =====> Ops in Planes
 t=   18448.3741275832      =====> Planes to modes UVP
 t=   18456.3526275729      =====> Planes to modes NUVP
 t=   18456.3588106622      =====> Derivatives
 t=   18456.3598380657      =====> CFL and Stats
 solving u
 solving w
 solving v
 t=   18456.3714547017      =====> Interpolating
 t=   18456.3802878738      =====> Modes to planes
 t=   18456.3917102098      =====> Spectra
 t=   18456.3917168638      =====> Record Out
 t=   18456.3917180948      =====> Ops in Planes
 t=   18488.7984008051      =====> Planes to modes UVP
 t=   18496.7459266803      =====> Planes to modes NUVP
 t=   18496.7520742036      =====> Derivatives
 t=   18496.7531061311      =====> CFL and Stats
 solving u
 solving w
 solving v
 t=   18496.7646862491      =====> Interpolating
 t=   18496.7735249892      =====> Modes to planes
 t=   18496.7849701133      =====> Spectra
 t=   18496.7849772803      =====> Record Out
 t=   18496.7849785993      =====> Ops in Planes
 t=   18529.1943819193      =====> Planes to modes UVP
 t=   18537.1579613845      =====> Planes to modes NUVP
 t=   18537.1641221098      =====> Derivatives
 t=   18537.1651582654      =====> CFL and Stats
 solving u
 solving w
 solving v
 t=   18537.1804591367      =====> Interpolating
 t=   18537.1893169788      =====> Modes to planes
 t=   18537.2006197109      =====> Spectra
 t=   18537.2006261939      =====> Record Out
 t=   18537.2006273869      =====> Ops in Planes
 t=   18569.6103299608      =====> Planes to modes UVP
 t=   18577.5602078180      =====> Planes to modes NUVP
 t=   18577.5664013353      =====> Derivatives
 t=   18577.5674531618      =====> CFL and Stats
 solving u
 solving w
 solving v
 t=   18577.5788941308      =====> Interpolating
 t=   18577.5876123041      =====> Modes to planes
 t=   18577.5989719141      =====> Spectra
 t=   18577.5989798111      =====> Record Out
 t=   18577.5989809461      =====> Ops in Planes
 t=   18610.0185089518      =====> Planes to modes UVP
 t=   18617.9703333780      =====> Planes to modes NUVP
 t=   18617.9764909314      =====> Derivatives
 t=   18617.9775203419      =====> CFL and Stats
 solving u
 solving w
 solving v
 t=   18617.9890796929      =====> Interpolating
 t=   18617.9978959380      =====> Modes to planes
 t=   18618.0093571631      =====> Spectra
 t=   18618.0093636221      =====> Record Out
 t=   18618.0093650511      =====> Ops in Planes
 t=   18650.4075300700      =====> Planes to modes UVP
 t=   18658.3743747888      =====> Planes to modes NUVP
 t=   18658.3805288901      =====> Derivatives
 t=   18658.3815576686      =====> CFL and Stats
 solving u
 solving w
 solving v
 t=   18658.3968280780      =====> Interpolating
 t=   18658.4056474601      =====> Modes to planes
 t=   18658.4170119122      =====> Spectra
 t=   18658.4170188292      =====> Record Out
 t=   18658.4170200472      =====> Ops in Planes
 t=   18690.8252312778      =====> Planes to modes UVP
 t=   18698.7727483579      =====> Planes to modes NUVP
 t=   18698.7789386552      =====> Derivatives
 t=   18698.7799751968      =====> CFL and Stats
 solving u
 solving w
 solving v
 t=   18698.7915393778      =====> Interpolating
 t=   18698.8003553269      =====> Modes to planes
 t=   18698.8117644640      =====> Spectra
 t=   18698.8117710770      =====> Record Out
 t=   18698.8117722350      =====> Ops in Planes
 t=   18731.2190250819      =====> Planes to modes UVP
 t=   18739.1919171141      =====> Planes to modes NUVP
 t=   18739.1980522854      =====> Derivatives
 t=   18739.1990793810      =====> CFL and Stats
 solving u
 solving w
 solving v
 t=   18739.2107120879      =====> Interpolating
 t=   18739.2195317830      =====> Modes to planes
 t=   18739.2308950821      =====> Spectra
 t=   18739.2309031641      =====> Record Out
 t=   18739.2309046981      =====> Ops in Planes
 t=   18771.6419012265      =====> Planes to modes UVP
 t=   18779.6117974049      =====> Planes to modes NUVP
 t=   18779.6179589672      =====> Derivatives
 t=   18779.6189958888      =====> CFL and Stats
 solving u
 solving w
 solving v
 t=   18779.6341838961      =====> Interpolating
 t=   18779.6429978063      =====> Modes to planes
 t=   18779.6543283894      =====> Spectra
 t=   18779.6543352674      =====> Record Out
 t=   18779.6543365714      =====> Ops in Planes
 t=   18812.0721424058      =====> Planes to modes UVP
 t=   18820.0178268467      =====> Planes to modes NUVP
 t=   18820.0239732561      =====> Derivatives
 t=   18820.0250105906      =====> CFL and Stats
 solving u
 solving w
 solving v
 t=   18820.0365653776      =====> Interpolating
 t=   18820.0453848387      =====> Modes to planes
 t=   18820.0567523278      =====> Spectra
 t=   18820.0567593838      =====> Record Out
 t=   18820.0567607198      =====> Ops in Planes
 t=   18852.4793894441      =====> Planes to modes UVP
 t=   18860.4047129279      =====> Planes to modes NUVP
 t=   18860.4109021292      =====> Derivatives
 t=   18860.4119549408      =====> CFL and Stats
 solving u
 solving w
 solving v
 t=   18860.4234904457      =====> Interpolating
 t=   18860.4323130929      =====> Modes to planes
 t=   18860.4437538009      =====> Spectra
 t=   18860.4437593799      =====> Record Out
 t=   18860.4437604999      =====> Ops in Planes
 t=   18892.8660289354      =====> Planes to modes UVP
 t=   18900.8165099143      =====> Planes to modes NUVP
 t=   18900.8226131606      =====> Derivatives
 t=   18900.8236293032      =====> CFL and Stats
 solving u
 solving w
 solving v
 t=   18900.8390942434      =====> Interpolating
 t=   18900.8478856346      =====> Modes to planes
 t=   18900.8592682816      =====> Spectra
 t=   18900.8592747556      =====> Record Out
 t=   18900.8592759996      =====> Ops in Planes
 t=   18933.2777848807      =====> Planes to modes UVP
 t=   18941.2201664241      =====> Planes to modes NUVP
 t=   18941.2263352854      =====> Derivatives
 t=   18941.2273716400      =====> CFL and Stats
 solving u
 solving w
 solving v
 t=   18941.2389211220      =====> Interpolating
 t=   18941.2477592351      =====> Modes to planes
 t=   18941.2591101592      =====> Spectra
 t=   18941.2591158952      =====> Record Out
 t=   18941.2591171672      =====> Ops in Planes
 t=   18973.6749413074      =====> Planes to modes UVP
 t=   18981.6144992101      =====> Planes to modes NUVP
 t=   18981.6206232404      =====> Derivatives
 t=   18981.6216532380      =====> CFL and Stats
 solving u
 solving w
 solving v
 t=   18981.6332077269      =====> Interpolating
 t=   18981.6420103351      =====> Modes to planes
 t=   18981.6533951841      =====> Spectra
 t=   18981.6534015911      =====> Record Out
 t=   18981.6534029971      =====> Ops in Planes
 t=   19014.0830324524      =====> Planes to modes UVP
 t=   19022.0413410939      =====> Planes to modes NUVP
 t=   19022.0475958051      =====> Derivatives
 t=   19022.0486347527      =====> CFL and Stats
 solving u
 solving w
 solving v
 t=   19022.0639394210      =====> Interpolating
 t=   19022.0727331502      =====> Modes to planes
 t=   19022.0841949892      =====> Spectra
 t=   19022.0842017272      =====> Record Out
 t=   19022.0842031322      =====> Ops in Planes
 t=   19054.4916711091      =====> Planes to modes UVP
 t=   19062.4508446492      =====> Planes to modes NUVP
 t=   19062.4570725315      =====> Derivatives
 t=   19062.4581021930      =====> CFL and Stats
 solving u
 solving w
 solving v
 t=   19062.4696631780      =====> Interpolating
 t=   19062.4784849242      =====> Modes to planes
 t=   19062.4899554532      =====> Spectra
 t=   19062.4899610542      =====> Record Out
 t=   19062.4899624692      =====> Ops in Planes
 t=   19094.9170790335      =====> Planes to modes UVP
 t=   19102.8668797337      =====> Planes to modes NUVP
 t=   19102.8730202050      =====> Derivatives
 t=   19102.8740485906      =====> CFL and Stats
 solving u
 solving w
 solving v
 t=   19102.8855757986      =====> Interpolating
 t=   19102.8944011787      =====> Modes to planes
 t=   19102.9057822658      =====> Spectra
 t=   19102.9057891488      =====> Record Out
 t=   19102.9057903418      =====> Ops in Planes
 t=   19135.3415342083      =====> Planes to modes UVP
 t=   19143.3115922617      =====> Planes to modes NUVP
 t=   19143.3177367370      =====> Derivatives
 t=   19143.3188722535      =====> CFL and Stats
 solving u
 solving w
 solving v
 t=   19143.3342343028      =====> Interpolating
 t=   19143.3430180350      =====> Modes to planes
 t=   19143.3543447571      =====> Spectra
 t=   19143.3543510561      =====> Record Out
 t=   19143.3543523911      =====> Ops in Planes
 t=   19175.7746636044      =====> Planes to modes UVP
 t=   19183.7215367508      =====> Planes to modes NUVP
 t=   19183.7277298451      =====> Derivatives
 t=   19183.7287719277      =====> CFL and Stats
 solving u
 solving w
 solving v
 t=   19183.7403457567      =====> Interpolating
 t=   19183.7491332928      =====> Modes to planes
 t=   19183.7605717748      =====> Spectra
 t=   19183.7605787498      =====> Record Out
 t=   19183.7605805058      =====> Ops in Planes
 t=   19216.1724078318      =====> Planes to modes UVP
 t=   19224.1394724965      =====> Planes to modes NUVP
 t=   19224.1455987448      =====> Derivatives
 t=   19224.1466241454      =====> CFL and Stats
 solving u
 solving w
 solving v
 t=   19224.1581819914      =====> Interpolating
 t=   19224.1669855745      =====> Modes to planes
 t=   19224.1783460496      =====> Spectra
 t=   19224.1783522196      =====> Record Out
 t=   19224.1783534706      =====> Ops in Planes
 t=   19256.5962854669      =====> Planes to modes UVP
 t=   19264.5635469625      =====> Planes to modes NUVP
 t=   19264.5698042878      =====> Derivatives
 t=   19264.5708497723      =====> CFL and Stats
 solving u
 solving w
 solving v
 t=   19264.5860990797      =====> Interpolating
 t=   19264.5949470678      =====> Modes to planes
 t=   19264.6063511209      =====> Spectra
 t=   19264.6063570309      =====> Record Out
 t=   19264.6063583999      =====> Ops in Planes
 t=   19297.0120172656      =====> Planes to modes UVP
 t=   19304.9861973331      =====> Planes to modes NUVP
 t=   19304.9923501524      =====> Derivatives
 t=   19304.9933937200      =====> CFL and Stats
 solving u
 solving w
 solving v
 t=   19305.0049950869      =====> Interpolating
 t=   19305.0138175151      =====> Modes to planes
 t=   19305.0252965591      =====> Spectra
 t=   19305.0253034481      =====> Record Out
 t=   19305.0253050351      =====> Ops in Planes
 t=   19337.4435776563      =====> Planes to modes UVP
 t=   19345.4160574616      =====> Planes to modes NUVP
 t=   19345.4221362479      =====> Derivatives
 t=   19345.4231590275      =====> CFL and Stats
 solving u
 solving w
 solving v
 t=   19345.4347732214      =====> Interpolating
 t=   19345.4435871786      =====> Modes to planes
 t=   19345.4549390047      =====> Spectra
 t=   19345.4549461247      =====> Record Out
 t=   19345.4549474397      =====> Ops in Planes
 t=   19377.8627647014      =====> Planes to modes UVP
 t=   19385.8404435374      =====> Planes to modes NUVP
 t=   19385.8467046627      =====> Derivatives
 t=   19385.8477368123      =====> CFL and Stats
 solving u
 solving w
 solving v
 t=   19385.8630382916      =====> Interpolating
 t=   19385.8718425758      =====> Modes to planes
 t=   19385.8832097598      =====> Spectra
 t=   19385.8832167298      =====> Record Out
 t=   19385.8832180998      =====> Ops in Planes
 t=   19418.2918546052      =====> Planes to modes UVP
 t=   19426.2623959204      =====> Planes to modes NUVP
 t=   19426.2685826487      =====> Derivatives
 t=   19426.2696236812      =====> CFL and Stats
 solving u
 solving w
 solving v
 t=   19426.2811981332      =====> Interpolating
 t=   19426.2900316503      =====> Modes to planes
 t=   19426.3013871604      =====> Spectra
 t=   19426.3013939704      =====> Record Out
 t=   19426.3013952694      =====> Ops in Planes
 t=   19458.7051175629      =====> Planes to modes UVP
 t=   19466.6770253825      =====> Planes to modes NUVP
 t=   19466.6831373318      =====> Derivatives
 t=   19466.6841835233      =====> CFL and Stats
 solving u
 solving w
 solving v
 t=   19466.6957395343      =====> Interpolating
 t=   19466.7045519015      =====> Modes to planes
 t=   19466.7159452115      =====> Spectra
 t=   19466.7171586190      =====> Record Out
 t=   19466.7171622640      =====> Ops in Planes
 t=   19499.1268361659      =====> Planes to modes UVP
 t=   19507.0977726539      =====> Planes to modes NUVP
 t=   19507.1039500992      =====> Derivatives
 t=   19507.1049858368      =====> CFL and Stats
 solving u
 solving w
 solving v
 t=   19507.1695404417      =====> Interpolating
 t=   19507.1781569399      =====> Modes to planes
 t=   19507.1893555480      =====> Spectra
 t=   19507.1893611510      =====> Record Out
 t=   19507.1893625570      =====> Ops in Planes
 t=   19539.6048540854      =====> Planes to modes UVP
 t=   19547.5561113410      =====> Planes to modes NUVP
 t=   19547.5622153903      =====> Derivatives
 t=   19547.5632601069      =====> CFL and Stats
 solving u
 solving w
 solving v
 t=   19547.5749470868      =====> Interpolating
 t=   19547.5836717200      =====> Modes to planes
 t=   19547.5949950391      =====> Spectra
 t=   19547.5950023660      =====> Record Out
 t=   19547.5950036120      =====> Ops in Planes
 t=   19580.0079483486      =====> Planes to modes UVP
 t=   19587.9768343014      =====> Planes to modes NUVP
 t=   19587.9829671678      =====> Derivatives
 t=   19587.9840024533      =====> CFL and Stats
 solving u
 solving w
 solving v
 t=   19587.9955885963      =====> Interpolating
 t=   19588.0044428174      =====> Modes to planes
 t=   19588.0158068705      =====> Spectra
 t=   19588.0158129725      =====> Record Out
 t=   19588.0158146425      =====> Ops in Planes
 t=   19620.4437209645      =====> Planes to modes UVP
 t=   19628.3970085281      =====> Planes to modes NUVP
 t=   19628.4031413395      =====> Derivatives
 t=   19628.4041868680      =====> CFL and Stats
 solving u
 solving w
 solving v
 t=   19628.4194334794      =====> Interpolating
 t=   19628.4282935595      =====> Modes to planes
 t=   19628.4396744375      =====> Spectra
 t=   19628.4396820705      =====> Record Out
 t=   19628.4396832705      =====> Ops in Planes
 t=   19660.8490086606      =====> Planes to modes UVP
 t=   19668.8275852413      =====> Planes to modes NUVP
 t=   19668.8337110256      =====> Derivatives
 t=   19668.8347386792      =====> CFL and Stats
 solving u
 solving w
 solving v
 t=   19668.8462787331      =====> Interpolating
 t=   19668.8550710003      =====> Modes to planes
 t=   19668.8664438974      =====> Spectra
 t=   19668.8664511754      =====> Record Out
 t=   19668.8664525254      =====> Ops in Planes
 t=   19701.2736697194      =====> Planes to modes UVP
 t=   19709.2507067407      =====> Planes to modes NUVP
 t=   19709.2568157190      =====> Derivatives
 t=   19709.2578723576      =====> CFL and Stats
 solving u
 solving w
 solving v
 t=   19709.2695364175      =====> Interpolating
 t=   19709.2783432017      =====> Modes to planes
 t=   19709.2896815517      =====> Spectra
 t=   19709.2896880877      =====> Record Out
 t=   19709.2896895537      =====> Ops in Planes
 t=   19741.6943979228      =====> Planes to modes UVP
 t=   19749.6601903590      =====> Planes to modes NUVP
 t=   19749.6664137873      =====> Derivatives
 t=   19749.6674499979      =====> CFL and Stats
 solving u
 solving w
 solving v
 t=   19749.6827186162      =====> Interpolating
 t=   19749.6915094414      =====> Modes to planes
 t=   19749.7028303835      =====> Spectra
 t=   19749.7028372765      =====> Record Out
 t=   19749.7028385195      =====> Ops in Planes
 t=   19782.1196203283      =====> Planes to modes UVP
 t=   19790.0682200510      =====> Planes to modes NUVP
 t=   19790.0743600993      =====> Derivatives
 t=   19790.0754003969      =====> CFL and Stats
 solving u
 solving w
 solving v
 t=   19790.0869379699      =====> Interpolating
 t=   19790.0957741120      =====> Modes to planes
 t=   19790.1071562821      =====> Spectra
 t=   19790.1071623271      =====> Record Out
 t=   19790.1071636361      =====> Ops in Planes
 t=   19822.5104433578      =====> Planes to modes UVP
 t=   19830.4776340254      =====> Planes to modes NUVP
 t=   19830.4837576307      =====> Derivatives
 t=   19830.4847949333      =====> CFL and Stats
 solving u
 solving w
 solving v
 t=   19830.4963687912      =====> Interpolating
 t=   19830.5050490705      =====> Modes to planes
 t=   19830.5164153525      =====> Spectra
 t=   19830.5164215695      =====> Record Out
 t=   19830.5164228235      =====> Ops in Planes
 t=   19862.9157748919      =====> Planes to modes UVP
 t=   19870.8836543552      =====> Planes to modes NUVP
 t=   19870.8897590116      =====> Derivatives
 t=   19870.8908045491      =====> CFL and Stats
 solving u
 solving w
 solving v
 t=   19870.9062690394      =====> Interpolating
 t=   19870.9149756446      =====> Modes to planes
 t=   19870.9264391866      =====> Spectra
 t=   19870.9264455806      =====> Record Out
 t=   19870.9264468636      =====> Ops in Planes
 t=   19903.3493987358      =====> Planes to modes UVP
 t=   19911.3120005914      =====> Planes to modes NUVP
 t=   19911.3181266127      =====> Derivatives
 t=   19911.3191522603      =====> CFL and Stats
 solving u
 solving w
 solving v
 t=   19911.3307298522      =====> Interpolating
 t=   19911.3395515364      =====> Modes to planes
 t=   19911.3508711445      =====> Spectra
 t=   19911.3508776524      =====> Record Out
 t=   19911.3508789534      =====> Ops in Planes
 t=   19943.7740735095      =====> Planes to modes UVP
 t=   19951.7663048972      =====> Planes to modes NUVP
 t=   19951.7725617035      =====> Derivatives
 t=   19951.7735970730      =====> CFL and Stats
 solving u
 solving w
 solving v
 t=   19951.7852074510      =====> Interpolating
 t=   19951.7939188762      =====> Modes to planes
 t=   19951.8053979272      =====> Spectra
 t=   19951.8054038902      =====> Record Out
 t=   19951.8054051292      =====> Ops in Planes
 t=   19984.2056494762      =====> Planes to modes UVP
 t=   19992.1835391762      =====> Planes to modes NUVP
 t=   19992.1896503145      =====> Derivatives
 t=   19992.1907963110      =====> CFL and Stats
 solving u
 solving w
 solving v
 t=   19992.2060515304      =====> Interpolating
 t=   19992.2148811485      =====> Modes to planes
 t=   19992.2263146656      =====> Spectra
 t=   19992.2263217846      =====> Record Out
 t=   19992.2263231545      =====> Ops in Planes
 t=   20024.6290974665      =====> Planes to modes UVP
 t=   20032.6257213083      =====> Planes to modes NUVP
 t=   20032.6319921056      =====> Derivatives
 t=   20032.6330382311      =====> CFL and Stats
 solving u
 solving w
 solving v
 t=   20032.6445738251      =====> Interpolating
 t=   20032.6533609123      =====> Modes to planes
 t=   20032.6647315023      =====> Spectra
 t=   20032.6647378673      =====> Record Out
 t=   20032.6647391533      =====> Ops in Planes
 t=   20065.0741850783      =====> Planes to modes UVP
 t=   20073.0551301230      =====> Planes to modes NUVP
 t=   20073.0612429203      =====> Derivatives
 t=   20073.0622695308      =====> CFL and Stats
 solving u
 solving w
 solving v
 t=   20073.0738651658      =====> Interpolating
 t=   20073.0827045579      =====> Modes to planes
 t=   20073.0940596080      =====> Spectra
 t=   20073.0940667530      =====> Record Out
 t=   20073.0940679240      =====> Ops in Planes
 t=   20105.4999231076      =====> Planes to modes UVP
 t=   20113.4692666933      =====> Planes to modes NUVP
 t=   20113.4753597396      =====> Derivatives
 t=   20113.4763898682      =====> CFL and Stats
 solving u
 solving w
 solving v
 t=   20113.4917541805      =====> Interpolating
 t=   20113.5004201267      =====> Modes to planes
 t=   20113.5118573767      =====> Spectra
 t=   20113.5118655077      =====> Record Out
 t=   20113.5118668057      =====> Ops in Planes
 t=   20145.9276191850      =====> Planes to modes UVP
 t=   20154.0013294063      =====> Planes to modes NUVP
 t=   20154.0083043912      =====> Derivatives
 t=   20154.0095417387      =====> CFL and Stats
 solving u
 solving w
 solving v
 t=   20154.0217200254      =====> Interpolating
 t=   20154.0305129635      =====> Modes to planes
 t=   20154.0418873016      =====> Spectra
 t=   20154.0418950706      =====> Record Out
 t=   20154.0418964416      =====> Ops in Planes
 t=   20186.4570736631      =====> Planes to modes UVP
 t=   20194.6507553851      =====> Planes to modes NUVP
 t=   20194.6569888874      =====> Derivatives
 t=   20194.6580296560      =====> CFL and Stats
 solving u
 solving w
 solving v
 t=   20194.6695943819      =====> Interpolating
 t=   20194.6784430421      =====> Modes to planes
 t=   20194.6898773241      =====> Spectra
 t=   20194.6898834801      =====> Record Out
 t=   20194.6898849951      =====> Ops in Planes
 t=   20227.0990753453      =====> Planes to modes UVP
 t=   20235.2202436598      =====> Planes to modes NUVP
 t=   20235.2263561932      =====> Derivatives
 t=   20235.2273934437      =====> CFL and Stats
 solving u
 solving w
 solving v
 t=   20235.2425832861      =====> Interpolating
 t=   20235.2513942063      =====> Modes to planes
 t=   20235.2627494153      =====> Spectra
 t=   20235.2627553043      =====> Record Out
 t=   20235.2627566563      =====> Ops in Planes
 t=   20267.6651148435      =====> Planes to modes UVP
 t=   20275.6495312816      =====> Planes to modes NUVP
 t=   20275.6556994849      =====> Derivatives
 t=   20275.6567369874      =====> CFL and Stats
 solving u
 solving w
 solving v
 t=   20275.6683495874      =====> Interpolating
 t=   20275.6771677555      =====> Modes to planes
 t=   20275.6886913645      =====> Spectra
 t=   20275.6886981155      =====> Record Out
 t=   20275.6886996455      =====> Ops in Planes
 t=   20308.0985421864      =====> Planes to modes UVP
 t=   20316.0886564980      =====> Planes to modes NUVP
 t=   20316.0948005383      =====> Derivatives
 t=   20316.0958304099      =====> CFL and Stats
 solving u
 solving w
 solving v
 t=   20316.1074195968      =====> Interpolating
 t=   20316.1162304860      =====> Modes to planes
 t=   20316.1275675721      =====> Spectra
 t=   20316.1275739301      =====> Record Out
 t=   20316.1275754111      =====> Ops in Planes
 t=   20348.5289567966      =====> Planes to modes UVP
 t=   20356.5108229608      =====> Planes to modes NUVP
 t=   20356.5170223111      =====> Derivatives
 t=   20356.5180647027      =====> CFL and Stats
 solving u
 solving w
 solving v
 t=   20356.5334770000      =====> Interpolating
 t=   20356.5422914921      =====> Modes to planes
 t=   20356.5536773252      =====> Spectra
 t=   20356.5536835532      =====> Record Out
 t=   20356.5536850502      =====> Ops in Planes
 t=   20388.9608481232      =====> Planes to modes UVP
 t=   20396.9509065638      =====> Planes to modes NUVP
 t=   20396.9570612012      =====> Derivatives
 t=   20396.9580932187      =====> CFL and Stats
 solving u
 solving w
 solving v
 t=   20396.9696439237      =====> Interpolating
 t=   20396.9784853048      =====> Modes to planes
 t=   20396.9898470819      =====> Spectra
 t=   20396.9898536699      =====> Record Out
 t=   20396.9898549369      =====> Ops in Planes
 t=   20429.4013163070      =====> Planes to modes UVP
 t=   20437.3779589305      =====> Planes to modes NUVP
 t=   20437.3841371148      =====> Derivatives
 t=   20437.3851755464      =====> CFL and Stats
 solving u
 solving w
 solving v
 t=   20437.3967398354      =====> Interpolating
 t=   20437.4055522815      =====> Modes to planes
 t=   20437.4168877346      =====> Spectra
 t=   20437.4168941366      =====> Record Out
 t=   20437.4168954516      =====> Ops in Planes
 t=   20469.8270863813      =====> Planes to modes UVP
 t=   20477.8088443076      =====> Planes to modes NUVP
 t=   20477.8149347769      =====> Derivatives
 t=   20477.8160440764      =====> CFL and Stats
 solving u
 solving w
 solving v
 t=   20477.8313484708      =====> Interpolating
 t=   20477.8401756979      =====> Modes to planes
 t=   20477.8515335490      =====> Spectra
 t=   20477.8515415590      =====> Record Out
 t=   20477.8515432520      =====> Ops in Planes
 t=   20510.2670292774      =====> Planes to modes UVP
 t=   20518.2478632740      =====> Planes to modes NUVP
 t=   20518.2539950394      =====> Derivatives
 t=   20518.2550237779      =====> CFL and Stats
 solving u
 solving w
 solving v
 t=   20518.2667105348      =====> Interpolating
 t=   20518.2754020751      =====> Modes to planes
 t=   20518.2867636341      =====> Spectra
 t=   20518.2867700571      =====> Record Out
 t=   20518.2867713961      =====> Ops in Planes
 t=   20550.6999885945      =====> Planes to modes UVP
 t=   20558.6683853286      =====> Planes to modes NUVP
 t=   20558.6745007839      =====> Derivatives
 t=   20558.6755357165      =====> CFL and Stats
 solving u
 solving w
 solving v
 t=   20558.6870536155      =====> Interpolating
 t=   20558.6957614137      =====> Modes to planes
 t=   20558.7072273757      =====> Spectra
 t=   20558.7072343327      =====> Record Out
 t=   20558.7072356967      =====> Ops in Planes
 t=   20591.1202004892      =====> Planes to modes UVP
 t=   20599.0851991247      =====> Planes to modes NUVP
 t=   20599.0913933540      =====> Derivatives
 t=   20599.0924354346      =====> CFL and Stats
 solving u
 solving w
 solving v
 t=   20599.1076751740      =====> Interpolating
 t=   20599.1164501351      =====> Modes to planes
 t=   20599.1278518152      =====> Spectra
 t=   20599.1278579652      =====> Record Out
 t=   20599.1278593062      =====> Ops in Planes
 t=   20631.5431382157      =====> Planes to modes UVP
 t=   20639.5207073418      =====> Planes to modes NUVP
 t=   20639.5268522821      =====> Derivatives
 t=   20639.5279043086      =====> CFL and Stats
 solving u
 solving w
 solving v
 t=   20639.5394081896      =====> Interpolating
 t=   20639.5482105658      =====> Modes to planes
 t=   20639.5595700688      =====> Spectra
 t=   20639.5595782038      =====> Record Out
 t=   20639.5595801138      =====> Ops in Planes
 t=   20671.9622077688      =====> Planes to modes UVP
 t=   20679.9441945360      =====> Planes to modes NUVP
 t=   20679.9503075933      =====> Derivatives
 t=   20679.9513340059      =====> CFL and Stats
 solving u
 solving w
 solving v
 t=   20679.9628599659      =====> Interpolating
 t=   20679.9716968590      =====> Modes to planes
 t=   20679.9831477791      =====> Spectra
 t=   20679.9831544690      =====> Record Out
 t=   20679.9831561600      =====> Ops in Planes
 t=   20712.3933347938      =====> Planes to modes UVP
 t=   20720.3617405738      =====> Planes to modes NUVP
 t=   20720.3678684572      =====> Derivatives
 t=   20720.3689100257      =====> CFL and Stats
 solving u
 solving w
 solving v
 t=   20720.3841601111      =====> Interpolating
 t=   20720.3929950072      =====> Modes to planes
 t=   20720.4043891813      =====> Spectra
 t=   20720.4043966653      =====> Record Out
 t=   20720.4043981563      =====> Ops in Planes
 t=   20752.8302820012      =====> Planes to modes UVP
 t=   20760.8264609421      =====> Planes to modes NUVP
 t=   20760.8326480264      =====> Derivatives
 t=   20760.8336962380      =====> CFL and Stats
 solving u
 solving w
 solving v
 t=   20760.8452877859      =====> Interpolating
 t=   20760.8541010161      =====> Modes to planes
 t=   20760.8654511702      =====> Spectra
 t=   20760.8654578582      =====> Record Out
 t=   20760.8654593882      =====> Ops in Planes
 t=   20793.2760290857      =====> Planes to modes UVP
 t=   20801.2504085342      =====> Planes to modes NUVP
 t=   20801.2566018635      =====> Derivatives
 t=   20801.2577160890      =====> CFL and Stats
 solving u
 solving w
 solving v
 t=   20801.2693239820      =====> Interpolating
 t=   20801.2779922002      =====> Modes to planes
 t=   20801.2893763682      =====> Spectra
 t=   20801.2893833752      =====> Record Out
 t=   20801.2893849322      =====> Ops in Planes
 t=   20833.7080159993      =====> Planes to modes UVP
 t=   20841.6842610439      =====> Planes to modes NUVP
 t=   20841.6906019082      =====> Derivatives
 t=   20841.6916224217      =====> CFL and Stats
 solving u
 solving w
 solving v
 t=   20841.7068892871      =====> Interpolating
 t=   20841.7156774662      =====> Modes to planes
 t=   20841.7271128513      =====> Spectra
 t=   20841.7271183713      =====> Record Out
 t=   20841.7271202053      =====> Ops in Planes
 t=   20874.1413646262      =====> Planes to modes UVP
 t=   20882.1166950593      =====> Planes to modes NUVP
 t=   20882.1227965076      =====> Derivatives
 t=   20882.1238304452      =====> CFL and Stats
 solving u
 solving w
 solving v
 t=   20882.1353379932      =====> Interpolating
 t=   20882.1441394553      =====> Modes to planes
 t=   20882.1555352914      =====> Spectra
 t=   20882.1555418204      =====> Record Out
 t=   20882.1555430824      =====> Ops in Planes
 t=   20914.5648479745      =====> Planes to modes UVP
 t=   20922.5392229839      =====> Planes to modes NUVP
 t=   20922.5454390412      =====> Derivatives
 t=   20922.5464793658      =====> CFL and Stats
 solving u
 solving w
 solving v
 t=   20922.5580694727      =====> Interpolating
 t=   20922.5669088219      =====> Modes to planes
 t=   20922.5783222069      =====> Spectra
 t=   20922.5783289699      =====> Record Out
 t=   20922.5783304399      =====> Ops in Planes
 t=   20954.9863170796      =====> Planes to modes UVP
 t=   20962.9657526999      =====> Planes to modes NUVP
 t=   20962.9719052282      =====> Derivatives
 t=   20962.9729200237      =====> CFL and Stats
 solving u
 solving w
 solving v
 t=   20962.9883297180      =====> Interpolating
 t=   20962.9970063423      =====> Modes to planes
 t=   20963.0083659223      =====> Spectra
 t=   20963.0083726703      =====> Record Out
 t=   20963.0083740993      =====> Ops in Planes
 t=   20995.4261781187      =====> Planes to modes UVP
 t=   21003.3973191206      =====> Planes to modes NUVP
 t=   21003.4035221639      =====> Derivatives
 t=   21003.4045606524      =====> CFL and Stats
 solving u
 solving w
 solving v
 t=   21003.4161200844      =====> Interpolating
 t=   21003.4249657376      =====> Modes to planes
 t=   21003.4363102806      =====> Spectra
 t=   21003.4363164236      =====> Record Out
 t=   21003.4363180556      =====> Ops in Planes
 t=   21035.8327579833      =====> Planes to modes UVP
 t=   21043.8141042838      =====> Planes to modes NUVP
 t=   21043.8203089551      =====> Derivatives
 t=   21043.8213449666      =====> CFL and Stats
 solving u
 solving w
 solving v
 t=   21043.8329246426      =====> Interpolating
 t=   21043.8417170577      =====> Modes to planes
 t=   21043.8531110058      =====> Spectra
 t=   21043.8531186148      =====> Record Out
 t=   21043.8531200598      =====> Ops in Planes
 t=   21076.2609624255      =====> Planes to modes UVP
 t=   21084.2524862495      =====> Planes to modes NUVP
 t=   21084.2586412238      =====> Derivatives
 t=   21084.2596827634      =====> CFL and Stats
 solving u
 solving w
 solving v
 t=   21084.2749313608      =====> Interpolating
 t=   21084.2837045399      =====> Modes to planes
 t=   21084.2950052550      =====> Spectra
 t=   21084.2950123440      =====> Record Out
 t=   21084.2950138010      =====> Ops in Planes
 t=   21116.6967730294      =====> Planes to modes UVP
 t=   21124.6759936538      =====> Planes to modes NUVP
 t=   21124.6822092361      =====> Derivatives
 t=   21124.6832452236      =====> CFL and Stats
 solving u
 solving w
 solving v
 t=   21124.6947919786      =====> Interpolating
 t=   21124.7036092017      =====> Modes to planes
 t=   21124.7150682778      =====> Spectra
 t=   21124.7150753937      =====> Record Out
 t=   21124.7150768247      =====> Ops in Planes
 t=   21157.1158741936      =====> Planes to modes UVP
 t=   21165.0839673338      =====> Planes to modes NUVP
 t=   21165.0900855181      =====> Derivatives
 t=   21165.0911893216      =====> CFL and Stats
 solving u
 solving w
 solving v
 t=   21165.1028045776      =====> Interpolating
 t=   21165.1116136637      =====> Modes to planes
 t=   21165.1230802627      =====> Spectra
 t=   21165.1230867847      =====> Record Out
 t=   21165.1230884157      =====> Ops in Planes
 t=   21197.5316851001      =====> Planes to modes UVP
 t=   21205.5159026533      =====> Planes to modes NUVP
 t=   21205.5220114317      =====> Derivatives
 t=   21205.5230606852      =====> CFL and Stats
 solving u
 solving w
 solving v
 t=   21205.5383344286      =====> Interpolating
 t=   21205.5470126018      =====> Modes to planes
 t=   21205.5583377139      =====> Spectra
 t=   21205.5583436539      =====> Record Out
 t=   21205.5583449709      =====> Ops in Planes
 t=   21237.9660471277      =====> Planes to modes UVP
 t=   21245.9346917126      =====> Planes to modes NUVP
 t=   21245.9408129690      =====> Derivatives
 t=   21245.9418509175      =====> CFL and Stats
 solving u
 solving w
 solving v
 t=   21245.9534308045      =====> Interpolating
 t=   21245.9622204296      =====> Modes to planes
 t=   21245.9736649457      =====> Spectra
 t=   21245.9736706907      =====> Record Out
 t=   21245.9736722457      =====> Ops in Planes
 t=   21278.4167977880      =====> Planes to modes UVP
 t=   21286.4358199001      =====> Planes to modes NUVP
 t=   21286.4420331514      =====> Derivatives
 t=   21286.4430658879      =====> CFL and Stats
 solving u
 solving w
 solving v
 t=   21286.4546451309      =====> Interpolating
 t=   21286.4634356191      =====> Modes to planes
 t=   21286.4747880411      =====> Spectra
 t=   21286.4747944801      =====> Record Out
 t=   21286.4747960121      =====> Ops in Planes
 t=   21318.9801338164      =====> Planes to modes UVP
 t=   21326.8905783207      =====> Planes to modes NUVP
 t=   21326.8967720500      =====> Derivatives
 t=   21326.8978155526      =====> CFL and Stats
 solving u
 solving w
 solving v
 t=   21326.9130805129      =====> Interpolating
 t=   21326.9218784711      =====> Modes to planes
 t=   21326.9331662662      =====> Spectra
 t=   21326.9331725782      =====> Record Out
 t=   21326.9331738872      =====> Ops in Planes
 t=   21359.4769102997      =====> Planes to modes UVP
 t=   21367.3777528822      =====> Planes to modes NUVP
 t=   21367.3841968334      =====> Derivatives
 t=   21367.3852509680      =====> CFL and Stats
 solving u
 solving w
 solving v
 t=   21367.3968231209      =====> Interpolating
 t=   21367.4056177641      =====> Modes to planes
 t=   21367.4170918071      =====> Spectra
 t=   21367.4170988921      =====> Record Out
 t=   21367.4171004181      =====> Ops in Planes
 t=   21399.9439851750      =====> Planes to modes UVP
 t=   21407.8159889691      =====> Planes to modes NUVP
 t=   21407.8221107954      =====> Derivatives
 t=   21407.8231566969      =====> CFL and Stats
 solving u
 solving w
 solving v
 t=   21407.8347907749      =====> Interpolating
 t=   21407.8436608870      =====> Modes to planes
 t=   21407.8554055909      =====> Spectra
 t=   21407.8554127859      =====> Record Out
 t=   21407.8554143209      =====> Ops in Planes
 t=   21440.5225120578      =====> Planes to modes UVP
 t=   21448.2949073212      =====> Planes to modes NUVP
 t=   21448.3011539585      =====> Derivatives
 t=   21448.3022374030      =====> CFL and Stats
 solving u
 solving w
 solving v
 t=   21448.3184896909      =====> Interpolating
 t=   21448.3277232389      =====> Modes to planes
 t=   21448.3393473828      =====> Spectra
 t=   21448.3393538498      =====> Record Out
 t=   21448.3393554648      =====> Ops in Planes
 t=   21480.8605013702      =====> Planes to modes UVP
 t=   21488.7420042441      =====> Planes to modes NUVP
 t=   21488.7481452675      =====> Derivatives
 t=   21488.7491736530      =====> CFL and Stats
 solving u
 solving w
 solving v
 t=   21488.7607402870      =====> Interpolating
 t=   21488.7695478052      =====> Modes to planes
 t=   21488.7809950852      =====> Spectra
 t=   21488.7810006992      =====> Record Out
 t=   21488.7810021742      =====> Ops in Planes
 t=   21521.4181638691      =====> Planes to modes UVP
 t=   21529.3412274269      =====> Planes to modes NUVP
 t=   21529.3473844992      =====> Derivatives
 t=   21529.3484669337      =====> CFL and Stats
 solving u
 solving w
 solving v
 t=   21529.3605073675      =====> Interpolating
 t=   21529.3695332476      =====> Modes to planes
 t=   21529.3812050565      =====> Spectra
 t=   21529.3812115625      =====> Record Out
 t=   21529.3812130245      =====> Ops in Planes
 t=   21562.2395223321      =====> Planes to modes UVP
 t=   21570.1162833661      =====> Planes to modes NUVP
 t=   21570.1224505794      =====> Derivatives
 t=   21570.1234889290      =====> CFL and Stats
 solving u
 solving w
 solving v
 t=   21570.1387568343      =====> Interpolating
 t=   21570.1475679195      =====> Modes to planes
 t=   21570.1588793625      =====> Spectra
 t=   21570.1588853835      =====> Record Out
 t=   21570.1588869315      =====> Ops in Planes
 t=   21602.7930455588      =====> Planes to modes UVP
 t=   21610.7478785487      =====> Planes to modes NUVP
 t=   21610.7540458901      =====> Derivatives
 t=   21610.7550758936      =====> CFL and Stats
 solving u
 solving w
 solving v
 t=   21610.7666120866      =====> Interpolating
 t=   21610.7754389637      =====> Modes to planes
 t=   21610.7867831888      =====> Spectra
 t=   21610.7867943378      =====> Record Out
 t=   21610.7867957638      =====> Ops in Planes
 t=   21643.2356840997      =====> Planes to modes UVP
 t=   21651.1905657626      =====> Planes to modes NUVP
 t=   21651.1967243490      =====> Derivatives
 t=   21651.1977539665      =====> CFL and Stats
 solving u
 solving w
 solving v
 t=   21651.2093059835      =====> Interpolating
 t=   21651.2181385426      =====> Modes to planes
 t=   21651.2295742257      =====> Spectra
 t=   21651.2295805906      =====> Record Out
 t=   21651.2295820296      =====> Ops in Planes
 t=   21683.6575335976      =====> Planes to modes UVP
 t=   21691.6291042823      =====> Planes to modes NUVP
 t=   21691.6352185967      =====> Derivatives
 t=   21691.6362542292      =====> CFL and Stats
 solving u
 solving w
 solving v
 t=   21691.6515349826      =====> Interpolating
 t=   21691.6603315207      =====> Modes to planes
 t=   21691.6717285238      =====> Spectra
 t=   21691.6717350398      =====> Record Out
 t=   21691.6717366578      =====> Ops in Planes
 t=   21724.0791757907      =====> Planes to modes UVP
 t=   21732.0564174389      =====> Planes to modes NUVP
 t=   21732.0626542382      =====> Derivatives
 t=   21732.0636987217      =====> CFL and Stats
 solving u
 solving w
 solving v
 t=   21732.0753085917      =====> Interpolating
 t=   21732.0841513548      =====> Modes to planes
 t=   21732.0955826179      =====> Spectra
 t=   21732.0955894929      =====> Record Out
 t=   21732.0955909829      =====> Ops in Planes
 t=   21764.5143527438      =====> Planes to modes UVP
 t=   21772.4932220004      =====> Planes to modes NUVP
 t=   21772.4994106017      =====> Derivatives
 t=   21772.5004512642      =====> CFL and Stats
 solving u
 solving w
 solving v
 t=   21772.5119823472      =====> Interpolating
 t=   21772.5208003764      =====> Modes to planes
 t=   21772.5322293284      =====> Spectra
 t=   21772.5322354214      =====> Record Out
 t=   21772.5322367884      =====> Ops in Planes
 t=   21804.9491749852      =====> Planes to modes UVP
 t=   21812.9259059966      =====> Planes to modes NUVP
 t=   21812.9320073219      =====> Derivatives
 t=   21812.9330373455      =====> CFL and Stats
 solving u
 solving w
 solving v
 t=   21812.9482876429      =====> Interpolating
 t=   21812.9569883461      =====> Modes to planes
 t=   21812.9683918301      =====> Spectra
 t=   21812.9683975901      =====> Record Out
 t=   21812.9683990851      =====> Ops in Planes
 t=   21845.3835375667      =====> Planes to modes UVP
 t=   21853.3499253256      =====> Planes to modes NUVP
 t=   21853.3561281609      =====> Derivatives
 t=   21853.3571551215      =====> CFL and Stats
 solving u
 solving w
 solving v
 t=   21853.3687178454      =====> Interpolating
 t=   21853.3774949566      =====> Modes to planes
 t=   21853.3889359126      =====> Spectra
 t=   21853.3889413126      =====> Record Out
 t=   21853.3889426936      =====> Ops in Planes
 t=   21885.8105595254      =====> Planes to modes UVP
 t=   21893.7724229623      =====> Planes to modes NUVP
 t=   21893.7785599146      =====> Derivatives
 t=   21893.7795851412      =====> CFL and Stats
 solving u
 solving w
 solving v
 t=   21893.7911170812      =====> Interpolating
 t=   21893.7999403983      =====> Modes to planes
 t=   21893.8113515834      =====> Spectra
 t=   21893.8126042158      =====> Record Out
 t=   21893.8126077468      =====> Ops in Planes
 t=   21926.2471595349      =====> Planes to modes UVP
 t=   21934.2085363761      =====> Planes to modes NUVP
 t=   21934.2147246754      =====> Derivatives
 t=   21934.2157622889      =====> CFL and Stats
 solving u
 solving w
 solving v
 t=   21934.2802034789      =====> Interpolating
 t=   21934.2887457841      =====> Modes to planes
 t=   21934.2998835213      =====> Spectra
 t=   21934.2998904183      =====> Record Out
 t=   21934.2998920163      =====> Ops in Planes
 t=   21966.7149666749      =====> Planes to modes UVP
 t=   21974.6850847442      =====> Planes to modes NUVP
 t=   21974.6912376695      =====> Derivatives
 t=   21974.6922687981      =====> CFL and Stats
 solving u
 solving w
 solving v
 t=   21974.7038701930      =====> Interpolating
 t=   21974.7126891072      =====> Modes to planes
 t=   21974.7240079683      =====> Spectra
 t=   21974.7240146263      =====> Record Out
 t=   21974.7240160603      =====> Ops in Planes
 t=   22007.1444550705      =====> Planes to modes UVP
 t=   22015.1216728027      =====> Planes to modes NUVP
 t=   22015.1278278301      =====> Derivatives
 t=   22015.1288665336      =====> CFL and Stats
 solving u
 solving w
 solving v
 t=   22015.1404693026      =====> Interpolating
 t=   22015.1493031247      =====> Modes to planes
 t=   22015.1606935468      =====> Spectra
 t=   22015.1606994788      =====> Record Out
 t=   22015.1607009828      =====> Ops in Planes
 t=   22047.5804127933      =====> Planes to modes UVP
 t=   22055.5390851466      =====> Planes to modes NUVP
 t=   22055.5452950489      =====> Derivatives
 t=   22055.5464188194      =====> CFL and Stats
 solving u
 solving w
 solving v
 t=   22055.5617388448      =====> Interpolating
 t=   22055.5705240080      =====> Modes to planes
 t=   22055.5819060580      =====> Spectra
 t=   22055.5819126230      =====> Record Out
 t=   22055.5819140880      =====> Ops in Planes
 t=   22087.9918507428      =====> Planes to modes UVP
 t=   22095.9702719125      =====> Planes to modes NUVP
 t=   22095.9763773379      =====> Derivatives
 t=   22095.9773990214      =====> CFL and Stats
 solving u
 solving w
 solving v
 t=   22095.9889237004      =====> Interpolating
 t=   22095.9977291546      =====> Modes to planes
 t=   22096.0091301366      =====> Spectra
 t=   22096.0091384226      =====> Record Out
 t=   22096.0091397086      =====> Ops in Planes
 t=   22128.4121904094      =====> Planes to modes UVP
 t=   22136.4159319581      =====> Planes to modes NUVP
 t=   22136.4220703305      =====> Derivatives
 t=   22136.4231056580      =====> CFL and Stats
 solving u
 solving w
 solving v
 t=   22136.4346771940      =====> Interpolating
 t=   22136.4435158451      =====> Modes to planes
 t=   22136.4549122612      =====> Spectra
 t=   22136.4549183252      =====> Record Out
 t=   22136.4549201092      =====> Ops in Planes
 t=   22168.8588208586      =====> Planes to modes UVP
 t=   22176.8511683753      =====> Planes to modes NUVP
 t=   22176.8572714736      =====> Derivatives
 t=   22176.8583028792      =====> CFL and Stats
 solving u
 solving w
 solving v
 t=   22176.8735811615      =====> Interpolating
 t=   22176.8823989437      =====> Modes to planes
 t=   22176.8937174197      =====> Spectra
 t=   22176.8937238687      =====> Record Out
 t=   22176.8937256287      =====> Ops in Planes
 t=   22209.3169878558      =====> Planes to modes UVP
 t=   22217.3068265605      =====> Planes to modes NUVP
 t=   22217.3131166628      =====> Derivatives
 t=   22217.3141601323      =====> CFL and Stats
 solving u
 solving w
 solving v
 t=   22217.3257699973      =====> Interpolating
 t=   22217.3346079794      =====> Modes to planes
 t=   22217.3460679744      =====> Spectra
 t=   22217.3460744744      =====> Record Out
 t=   22217.3460759864      =====> Ops in Planes
 t=   22249.7623277965      =====> Planes to modes UVP
 t=   22257.7525285601      =====> Planes to modes NUVP
 t=   22257.7586813104      =====> Derivatives
 t=   22257.7597187930      =====> CFL and Stats
 solving u
 solving w
 solving v
 t=   22257.7712856469      =====> Interpolating
 t=   22257.7800842991      =====> Modes to planes
 t=   22257.7915501121      =====> Spectra
 t=   22257.7915573471      =====> Record Out
 t=   22257.7915587951      =====> Ops in Planes
 t=   22290.2044651596      =====> Planes to modes UVP
 t=   22298.1836982700      =====> Planes to modes NUVP
 t=   22298.1898096363      =====> Derivatives
 t=   22298.1908286429      =====> CFL and Stats
 solving u
 solving w
 solving v
 t=   22298.2062566332      =====> Interpolating
 t=   22298.2150042984      =====> Modes to planes
 t=   22298.2264387804      =====> Spectra
 t=   22298.2264446064      =====> Record Out
 t=   22298.2264459554      =====> Ops in Planes
 t=   22330.6419565008      =====> Planes to modes UVP
 t=   22338.6164936952      =====> Planes to modes NUVP
 t=   22338.6227016405      =====> Derivatives
 t=   22338.6237356540      =====> CFL and Stats
 solving u
 solving w
 solving v
 t=   22338.6353214770      =====> Interpolating
 t=   22338.6440877752      =====> Modes to planes
 t=   22338.6555101782      =====> Spectra
 t=   22338.6555165652      =====> Record Out
 t=   22338.6555178862      =====> Ops in Planes
 t=   22371.0746415490      =====> Planes to modes UVP
 t=   22379.0575663218      =====> Planes to modes NUVP
 t=   22379.0637040811      =====> Derivatives
 t=   22379.0647317827      =====> CFL and Stats
 solving u
 solving w
 solving v
 t=   22379.0762587306      =====> Interpolating
 t=   22379.0850488498      =====> Modes to planes
 t=   22379.0964012859      =====> Spectra
 t=   22379.0964074269      =====> Record Out
 t=   22379.0964088229      =====> Ops in Planes
 t=   22411.5044154235      =====> Planes to modes UVP
 t=   22419.4854010571      =====> Planes to modes NUVP
 t=   22419.4916557394      =====> Derivatives
 t=   22419.4926919980      =====> CFL and Stats
 solving u
 solving w
 solving v
 t=   22419.5079551243      =====> Interpolating
 t=   22419.5167731835      =====> Modes to planes
 t=   22419.5281251565      =====> Spectra
 t=   22419.5281320765      =====> Record Out
 t=   22419.5281332885      =====> Ops in Planes
 t=   22451.9481094710      =====> Planes to modes UVP
 t=   22459.9256054561      =====> Planes to modes NUVP
 t=   22459.9318230454      =====> Derivatives
 t=   22459.9328603889      =====> CFL and Stats
 solving u
 solving w
 solving v
 t=   22459.9444115699      =====> Interpolating
 t=   22459.9531092561      =====> Modes to planes
 t=   22459.9644940062      =====> Spectra
 t=   22459.9645011622      =====> Record Out
 t=   22459.9645025592      =====> Ops in Planes
 t=   22492.3820491687      =====> Planes to modes UVP
 t=   22500.3662523999      =====> Planes to modes NUVP
 t=   22500.3723447232      =====> Derivatives
 t=   22500.3733756318      =====> CFL and Stats
 solving u
 solving w
 solving v
 t=   22500.3849175878      =====> Interpolating
 t=   22500.3936951419      =====> Modes to planes
 t=   22500.4050790430      =====> Spectra
 t=   22500.4050864230      =====> Record Out
 t=   22500.4050876440      =====> Ops in Planes
 t=   22532.8171795229      =====> Planes to modes UVP
 t=   22540.8066229848      =====> Planes to modes NUVP
 t=   22540.8127771611      =====> Derivatives
 t=   22540.8138200336      =====> CFL and Stats
 solving u
 solving w
 solving v
 t=   22540.8290725750      =====> Interpolating
 t=   22540.8378894682      =====> Modes to planes
 t=   22540.8492573682      =====> Spectra
 t=   22540.8492643382      =====> Record Out
 t=   22540.8492657382      =====> Ops in Planes
 t=   22573.2557724045      =====> Planes to modes UVP
 t=   22581.2346592700      =====> Planes to modes NUVP
 t=   22581.2407902034      =====> Derivatives
 t=   22581.2418298429      =====> CFL and Stats
 solving u
 solving w
 solving v
 t=   22581.2533696869      =====> Interpolating
 t=   22581.2621654901      =====> Modes to planes
 t=   22581.2736122531      =====> Spectra
 t=   22581.2736179351      =====> Record Out
 t=   22581.2736193321      =====> Ops in Planes
 t=   22613.6831923401      =====> Planes to modes UVP
 t=   22621.6858732222      =====> Planes to modes NUVP
 t=   22621.6920963965      =====> Derivatives
 t=   22621.6931344791      =====> CFL and Stats
 solving u
 solving w
 solving v
 t=   22621.7047159630      =====> Interpolating
 t=   22621.7135340482      =====> Modes to planes
 t=   22621.7249008922      =====> Spectra
 t=   22621.7249070542      =====> Record Out
 t=   22621.7249084432      =====> Ops in Planes
 t=   22654.1339999254      =====> Planes to modes UVP
 t=   22662.1228653566      =====> Planes to modes NUVP
 t=   22662.1290027999      =====> Derivatives
 t=   22662.1300368785      =====> CFL and Stats
 solving u
 solving w
 solving v
 t=   22662.1452898408      =====> Interpolating
 t=   22662.1540951410      =====> Modes to planes
 t=   22662.1654568250      =====> Spectra
 t=   22662.1654637540      =====> Record Out
 t=   22662.1654651520      =====> Ops in Planes
 t=   22694.5798305959      =====> Planes to modes UVP
 t=   22702.5559088907      =====> Planes to modes NUVP
 t=   22702.5620136670      =====> Derivatives
 t=   22702.5630467486      =====> CFL and Stats
 solving u
 solving w
 solving v
 t=   22702.5746173005      =====> Interpolating
 t=   22702.5834193397      =====> Modes to planes
 t=   22702.5948315637      =====> Spectra
 t=   22702.5948373127      =====> Record Out
 t=   22702.5948388037      =====> Ops in Planes
 t=   22735.0145668133      =====> Planes to modes UVP
 t=   22742.9797428688      =====> Planes to modes NUVP
 t=   22742.9859522551      =====> Derivatives
 t=   22742.9869940446      =====> CFL and Stats
 solving u
 solving w
 solving v
 t=   22742.9985542136      =====> Interpolating
 t=   22743.0073725897      =====> Modes to planes
 t=   22743.0187386798      =====> Spectra
 t=   22743.0187452048      =====> Record Out
 t=   22743.0187467898      =====> Ops in Planes
 t=   22775.4329897057      =====> Planes to modes UVP
 t=   22783.3973630496      =====> Planes to modes NUVP
 t=   22783.4035378499      =====> Derivatives
 t=   22783.4045656754      =====> CFL and Stats
 solving u
 solving w
 solving v
 t=   22783.4199245228      =====> Interpolating
 t=   22783.4285791690      =====> Modes to planes
 t=   22783.4398925741      =====> Spectra
 t=   22783.4398987191      =====> Record Out
 t=   22783.4399001331      =====> Ops in Planes
 t=   22815.8541177360      =====> Planes to modes UVP
 t=   22823.8261984955      =====> Planes to modes NUVP
 t=   22823.8323420248      =====> Derivatives
 t=   22823.8333724984      =====> CFL and Stats
 solving u
 solving w
 solving v
 t=   22823.8449551453      =====> Interpolating
 t=   22823.8536746945      =====> Modes to planes
 t=   22823.8649699016      =====> Spectra
 t=   22823.8649766296      =====> Record Out
 t=   22823.8649780916      =====> Ops in Planes
 t=   22856.2866474463      =====> Planes to modes UVP
 t=   22864.2505339864      =====> Planes to modes NUVP
 t=   22864.2566498017      =====> Derivatives
 t=   22864.2576809783      =====> CFL and Stats
 solving u
 solving w
 solving v
 t=   22864.2692506552      =====> Interpolating
 t=   22864.2780787624      =====> Modes to planes
 t=   22864.2894624874      =====> Spectra
 t=   22864.2894683404      =====> Record Out
 t=   22864.2894698064      =====> Ops in Planes
 t=   22896.7268147543      =====> Planes to modes UVP
 t=   22904.6766990245      =====> Planes to modes NUVP
 t=   22904.6828240918      =====> Derivatives
 t=   22904.6838436423      =====> CFL and Stats
 solving u
 solving w
 solving v
 t=   22904.6992088137      =====> Interpolating
 t=   22904.7079010099      =====> Modes to planes
 t=   22904.7192007930      =====> Spectra
 t=   22904.7192069110      =====> Record Out
 t=   22904.7192084580      =====> Ops in Planes
 t=   22937.1413545705      =====> Planes to modes UVP
 t=   22945.1054198684      =====> Planes to modes NUVP
 t=   22945.1115498458      =====> Derivatives
 t=   22945.1125828193      =====> CFL and Stats
 solving u
 solving w
 solving v
 t=   22945.1241361313      =====> Interpolating
 t=   22945.1329416424      =====> Modes to planes
 t=   22945.1444028765      =====> Spectra
 t=   22945.1444090575      =====> Record Out
 t=   22945.1444104405      =====> Ops in Planes
 t=   22977.5654993084      =====> Planes to modes UVP
 t=   22985.5258639670      =====> Planes to modes NUVP
 t=   22985.5319956343      =====> Derivatives
 t=   22985.5330192509      =====> CFL and Stats
 solving u
 solving w
 solving v
 t=   22985.5446140838      =====> Interpolating
 t=   22985.5534222130      =====> Modes to planes
 t=   22985.5647898201      =====> Spectra
 t=   22985.5647967241      =====> Record Out
 t=   22985.5647980901      =====> Ops in Planes
 t=   23017.9883719189      =====> Planes to modes UVP
 t=   23025.9330936493      =====> Planes to modes NUVP
 t=   23025.9392709626      =====> Derivatives
 t=   23025.9402915902      =====> CFL and Stats
 solving u
 solving w
 solving v
 t=   23025.9556482845      =====> Interpolating
 t=   23025.9643781077      =====> Modes to planes
 t=   23025.9757100038      =====> Spectra
 t=   23025.9757174588      =====> Record Out
 t=   23025.9757187288      =====> Ops in Planes
 t=   23058.3944084658      =====> Planes to modes UVP
 t=   23066.3431151784      =====> Planes to modes NUVP
 t=   23066.3492720338      =====> Derivatives
 t=   23066.3503075813      =====> CFL and Stats
 solving u
 solving w
 solving v
 t=   23066.3618449783      =====> Interpolating
 t=   23066.3706603284      =====> Modes to planes
 t=   23066.3821126395      =====> Spectra
 t=   23066.3821198765      =====> Record Out
 t=   23066.3821213765      =====> Ops in Planes
 t=   23098.8002097417      =====> Planes to modes UVP
 t=   23106.7534904364      =====> Planes to modes NUVP
 t=   23106.7596065017      =====> Derivatives
 t=   23106.7606466353      =====> CFL and Stats
 solving u
 solving w
 solving v
 t=   23106.7722143522      =====> Interpolating
 t=   23106.7810502614      =====> Modes to planes
 t=   23106.7924766684      =====> Spectra
 t=   23106.7924825864      =====> Record Out
 t=   23106.7924840524      =====> Ops in Planes
 t=   23139.2096481611      =====> Planes to modes UVP
 t=   23147.1624367350      =====> Planes to modes NUVP
 t=   23147.1685753793      =====> Derivatives
 t=   23147.1696098688      =====> CFL and Stats
 solving u
 solving w
 solving v
 t=   23147.1850753081      =====> Interpolating
 t=   23147.1938535503      =====> Modes to planes
 t=   23147.2052399683      =====> Spectra
 t=   23147.2052455853      =====> Record Out
 t=   23147.2052470363      =====> Ops in Planes
 t=   23179.6277885277      =====> Planes to modes UVP
 t=   23187.5888411080      =====> Planes to modes NUVP
 t=   23187.5949623283      =====> Derivatives
 t=   23187.5959949878      =====> CFL and Stats
 solving u
 solving w
 solving v
 t=   23187.6075487998      =====> Interpolating
 t=   23187.6164361379      =====> Modes to planes
 t=   23187.6279443129      =====> Spectra
 t=   23187.6279505119      =====> Record Out
 t=   23187.6279517039      =====> Ops in Planes
 t=   23220.0525396564      =====> Planes to modes UVP
 t=   23228.0109389768      =====> Planes to modes NUVP
 t=   23228.0171810661      =====> Derivatives
 t=   23228.0182999846      =====> CFL and Stats
 solving u
 solving w
 solving v
 t=   23228.0299096015      =====> Interpolating
 t=   23228.0386489177      =====> Modes to planes
 t=   23228.0501286947      =====> Spectra
 t=   23228.0501352767      =====> Record Out
 t=   23228.0501369227      =====> Ops in Planes
 t=   23260.4707343669      =====> Planes to modes UVP
 t=   23268.4180007382      =====> Planes to modes NUVP
 t=   23268.4241572745      =====> Derivatives
 t=   23268.4252721850      =====> CFL and Stats
 solving u
 solving w
 solving v
 t=   23268.4406070904      =====> Interpolating
 t=   23268.4492988876      =====> Modes to planes
 t=   23268.4607170236      =====> Spectra
 t=   23268.4607233696      =====> Record Out
 t=   23268.4607246236      =====> Ops in Planes
 t=   23300.8733359563      =====> Planes to modes UVP
 t=   23308.8327837832      =====> Planes to modes NUVP
 t=   23308.8389417316      =====> Derivatives
 t=   23308.8399718241      =====> CFL and Stats
 solving u
 solving w
 solving v
 t=   23308.8513933311      =====> Interpolating
 t=   23308.8602253103      =====> Modes to planes
 t=   23308.8715293574      =====> Spectra
 t=   23308.8715363384      =====> Record Out
 t=   23308.8715377564      =====> Ops in Planes
 t=   23341.2916739628      =====> Planes to modes UVP
 t=   23349.2399321526      =====> Planes to modes NUVP
 t=   23349.2460067680      =====> Derivatives
 t=   23349.2470483405      =====> CFL and Stats
 solving u
 solving w
 solving v
 t=   23349.2585776115      =====> Interpolating
 t=   23349.2674289846      =====> Modes to planes
 t=   23349.2788415047      =====> Spectra
 t=   23349.2788471517      =====> Record Out
 t=   23349.2788485497      =====> Ops in Planes
 t=   23381.6949648498      =====> Planes to modes UVP
 t=   23389.6349935932      =====> Planes to modes NUVP
 t=   23389.6410974626      =====> Derivatives
 t=   23389.6421253471      =====> CFL and Stats
 solving u
 solving w
 solving v
 t=   23389.6575782014      =====> Interpolating
 t=   23389.6662954486      =====> Modes to planes
 t=   23389.6776891796      =====> Spectra
 t=   23389.6776969286      =====> Record Out
 t=   23389.6776985066      =====> Ops in Planes
 t=   23422.0887378410      =====> Planes to modes UVP
 t=   23430.0476127572      =====> Planes to modes NUVP
 t=   23430.0537129955      =====> Derivatives
 t=   23430.0547355071      =====> CFL and Stats
 solving u
 solving w
 solving v
 t=   23430.0663758360      =====> Interpolating
 t=   23430.0752172402      =====> Modes to planes
 t=   23430.0865664102      =====> Spectra
 t=   23430.0865734112      =====> Record Out
 t=   23430.0865750192      =====> Ops in Planes
 t=   23462.4926200218      =====> Planes to modes UVP
 t=   23470.4472952278      =====> Planes to modes NUVP
 t=   23470.4534585581      =====> Derivatives
 t=   23470.4544991017      =====> CFL and Stats
 solving u
 solving w
 solving v
 t=   23470.4660970956      =====> Interpolating
 t=   23470.4749008838      =====> Modes to planes
 t=   23470.4862621269      =====> Spectra
 t=   23470.4862685128      =====> Record Out
 t=   23470.4862700078      =====> Ops in Planes
 t=   23502.9029516477      =====> Planes to modes UVP
 t=   23510.8531496587      =====> Planes to modes NUVP
 t=   23510.8592442911      =====> Derivatives
 t=   23510.8602882186      =====> CFL and Stats
 solving u
 solving w
 solving v
 t=   23510.8756651949      =====> Interpolating
 t=   23510.8844796341      =====> Modes to planes
 t=   23510.8958615591      =====> Spectra
 t=   23510.8958678021      =====> Record Out
 t=   23510.8958691311      =====> Ops in Planes
 t=   23543.3104975669      =====> Planes to modes UVP
 t=   23551.2711030534      =====> Planes to modes NUVP
 t=   23551.2772207557      =====> Derivatives
 t=   23551.2782630623      =====> CFL and Stats
 solving u
 solving w
 solving v
 t=   23551.2898095832      =====> Interpolating
 t=   23551.2986339964      =====> Modes to planes
 t=   23551.3100094605      =====> Spectra
 t=   23551.3100154905      =====> Record Out
 t=   23551.3100170565      =====> Ops in Planes
 t=   23583.7228208830      =====> Planes to modes UVP
 t=   23591.6722025944      =====> Planes to modes NUVP
 t=   23591.6783755757      =====> Derivatives
 t=   23591.6794170882      =====> CFL and Stats
 solving u
 solving w
 solving v
 t=   23591.6909495312      =====> Interpolating
 t=   23591.6997491844      =====> Modes to planes
 t=   23591.7111342194      =====> Spectra
 t=   23591.7111403524      =====> Record Out
 t=   23591.7111418264      =====> Ops in Planes
 t=   23624.1373535122      =====> Planes to modes UVP
 t=   23632.0790301999      =====> Planes to modes NUVP
 t=   23632.0855229841      =====> Derivatives
 t=   23632.0865656306      =====> CFL and Stats
 solving u
 solving w
 solving v
 t=   23632.1022642828      =====> Interpolating
 t=   23632.1109531120      =====> Modes to planes
 t=   23632.1222881811      =====> Spectra
 t=   23632.1222942131      =====> Record Out
 t=   23632.1222954501      =====> Ops in Planes
 t=   23664.5419152267      =====> Planes to modes UVP
 t=   23672.4929040713      =====> Planes to modes NUVP
 t=   23672.4990205797      =====> Derivatives
 t=   23672.5000444712      =====> CFL and Stats
 solving u
 solving w
 solving v
 t=   23672.5115886522      =====> Interpolating
 t=   23672.5204286203      =====> Modes to planes
 t=   23672.5318398954      =====> Spectra
 t=   23672.5318461604      =====> Record Out
 t=   23672.5318473004      =====> Ops in Planes
 t=   23704.9404283408      =====> Planes to modes UVP
 t=   23712.9144996674      =====> Planes to modes NUVP
 t=   23712.9206343217      =====> Derivatives
 t=   23712.9216823583      =====> CFL and Stats
 solving u
 solving w
 solving v
 t=   23712.9332571652      =====> Interpolating
 t=   23712.9420465994      =====> Modes to planes
 t=   23712.9533458345      =====> Spectra
 t=   23712.9533515845      =====> Record Out
 t=   23712.9533529005      =====> Ops in Planes
 t=   23745.3597981228      =====> Planes to modes UVP
 t=   23753.3123647738      =====> Planes to modes NUVP
 t=   23753.3185718831      =====> Derivatives
 t=   23753.3196036696      =====> CFL and Stats
 solving u
 solving w
 solving v
 t=   23753.3348983190      =====> Interpolating
 t=   23753.3437230471      =====> Modes to planes
 t=   23753.3551253282      =====> Spectra
 t=   23753.3551317672      =====> Record Out
 t=   23753.3551331682      =====> Ops in Planes
 t=   23785.7743992069      =====> Planes to modes UVP
 t=   23793.7351273444      =====> Planes to modes NUVP
 t=   23793.7412143647      =====> Derivatives
 t=   23793.7422427243      =====> CFL and Stats
 solving u
 solving w
 solving v
 t=   23793.7539314862      =====> Interpolating
 t=   23793.7626341744      =====> Modes to planes
 t=   23793.7739763844      =====> Spectra
 t=   23793.7739828084      =====> Record Out
 t=   23793.7739840914      =====> Ops in Planes
 t=   23826.1739792906      =====> Planes to modes UVP
 t=   23834.1416030890      =====> Planes to modes NUVP
 t=   23834.1477544783      =====> Derivatives
 t=   23834.1487929929      =====> CFL and Stats
 solving u
 solving w
 solving v
 t=   23834.1603586588      =====> Interpolating
 t=   23834.1692154190      =====> Modes to planes
 t=   23834.1805540651      =====> Spectra
 t=   23834.1805600751      =====> Record Out
 t=   23834.1805614981      =====> Ops in Planes
 t=   23866.5975587828      =====> Planes to modes UVP
 t=   23874.5534260333      =====> Planes to modes NUVP
 t=   23874.5596217656      =====> Derivatives
 t=   23874.5606566222      =====> CFL and Stats
 solving u
 solving w
 solving v
 t=   23874.5759411705      =====> Interpolating
 t=   23874.5847565167      =====> Modes to planes
 t=   23874.5960568668      =====> Spectra
 t=   23874.5960636758      =====> Record Out
 t=   23874.5960650078      =====> Ops in Planes
 t=   23907.0214669939      =====> Planes to modes UVP
 t=   23914.9544760364      =====> Planes to modes NUVP
 t=   23914.9606437117      =====> Derivatives
 t=   23914.9616711812      =====> CFL and Stats
 solving u
 solving w
 solving v
 t=   23914.9732296462      =====> Interpolating
 t=   23914.9820508814      =====> Modes to planes
 t=   23914.9934191204      =====> Spectra
 t=   23914.9934254694      =====> Record Out
 t=   23914.9934270864      =====> Ops in Planes
 t=   23947.4297503237      =====> Planes to modes UVP
 t=   23955.3531023234      =====> Planes to modes NUVP
 t=   23955.3592778597      =====> Derivatives
 t=   23955.3603828233      =====> CFL and Stats
 solving u
 solving w
 solving v
 t=   23955.3722619551      =====> Interpolating
 t=   23955.3812266042      =====> Modes to planes
 t=   23955.3926863282      =====> Spectra
 t=   23955.3926911202      =====> Record Out
 t=   23955.3926925932      =====> Ops in Planes
 t=   23987.8297043932      =====> Planes to modes UVP
 t=   23995.7717674368      =====> Planes to modes NUVP
 t=   23995.7780090801      =====> Derivatives
 t=   23995.7790384996      =====> CFL and Stats
 solving u
 solving w
 solving v
 t=   23995.7943732739      =====> Interpolating
 t=   23995.8032214381      =====> Modes to planes
 t=   23995.8144765252      =====> Spectra
 t=   23995.8144831422      =====> Record Out
 t=   23995.8144844302      =====> Ops in Planes
 t=   24028.2609336311      =====> Planes to modes UVP
 t=   24036.1902750922      =====> Planes to modes NUVP
 t=   24036.1964071545      =====> Derivatives
 t=   24036.1974408351      =====> CFL and Stats
 solving u
 solving w
 solving v
 t=   24036.2090578390      =====> Interpolating
 t=   24036.2178956072      =====> Modes to planes
 t=   24036.2292894322      =====> Spectra
 t=   24036.2292957202      =====> Record Out
 t=   24036.2292973522      =====> Ops in Planes
 t=   24068.8507521309      =====> Planes to modes UVP
 t=   24076.7413520239      =====> Planes to modes NUVP
 t=   24076.7474934502      =====> Derivatives
 t=   24076.7485376868      =====> CFL and Stats
 solving u
 solving w
 solving v
 t=   24076.7601683617      =====> Interpolating
 t=   24076.7690243028      =====> Modes to planes
 t=   24076.7804398259      =====> Spectra
 t=   24076.7804469759      =====> Record Out
 t=   24076.7804480779      =====> Ops in Planes
 t=   24109.3670111908      =====> Planes to modes UVP
 t=   24117.3742008570      =====> Planes to modes NUVP
 t=   24117.3803332933      =====> Derivatives
 t=   24117.3813642829      =====> CFL and Stats
 solving u
 solving w
 solving v
 t=   24117.3971826660      =====> Interpolating
 t=   24117.4059792492      =====> Modes to planes
 t=   24117.4173563882      =====> Spectra
 t=   24117.4173632282      =====> Record Out
 t=   24117.4173646762      =====> Ops in Planes
 t=   24150.0307008415      =====> Planes to modes UVP
 t=   24158.0020229253      =====> Planes to modes NUVP
 t=   24158.0082068316      =====> Derivatives
 t=   24158.0092392282      =====> CFL and Stats
 solving u
 solving w
 solving v
 t=   24158.0208642081      =====> Interpolating
 t=   24158.0296675563      =====> Modes to planes
 t=   24158.0410594053      =====> Spectra
 t=   24158.0410664713      =====> Record Out
 t=   24158.0410678843      =====> Ops in Planes
 t=   24190.4946530801      =====> Planes to modes UVP
 t=   24198.4214524273      =====> Planes to modes NUVP
 t=   24198.4275469257      =====> Derivatives
 t=   24198.4285855002      =====> CFL and Stats
 solving u
 solving w
 solving v
 t=   24198.4402334261      =====> Interpolating
 t=   24198.4489014924      =====> Modes to planes
 t=   24198.4602705974      =====> Spectra
 t=   24198.4602770524      =====> Record Out
 t=   24198.4602783164      =====> Ops in Planes
 t=   24230.8971442725      =====> Planes to modes UVP
 t=   24238.8495020106      =====> Planes to modes NUVP
 t=   24238.8556559699      =====> Derivatives
 t=   24238.8566903144      =====> CFL and Stats
 solving u
 solving w
 solving v
 t=   24238.8720180648      =====> Interpolating
 t=   24238.8808090559      =====> Modes to planes
 t=   24238.8921394590      =====> Spectra
 t=   24238.8921460200      =====> Record Out
 t=   24238.8921474580      =====> Ops in Planes
 t=   24271.3316756569      =====> Planes to modes UVP
 t=   24279.2661384948      =====> Planes to modes NUVP
 t=   24279.2723177491      =====> Derivatives
 t=   24279.2733657277      =====> CFL and Stats
 solving u
 solving w
 solving v
 t=   24279.2849712016      =====> Interpolating
 t=   24279.2938161297      =====> Modes to planes
 t=   24279.3051422158      =====> Spectra
 t=   24279.3051499588      =====> Record Out
 t=   24279.3051513308      =====> Ops in Planes
 t=   24311.7486103450      =====> Planes to modes UVP
 t=   24319.6770352825      =====> Planes to modes NUVP
 t=   24319.6832509748      =====> Derivatives
 t=   24319.6842844144      =====> CFL and Stats
 solving u
 solving w
 solving v
 N:
           0         128         128         128          -2
           0         128         128         128           0
           0           0           0         151           0
           0           0           0         152           0
 
 iter         200
 t      1.04477935270619     
 dtv   2.089558705412383E-003
 dtc   1.358929319648117E-002
 dt    5.223896763530959E-003
 err   7.577386519575497E-017
 Qx     1.75226223621268     
 mpgx -3.067500000000000E-003
 Umax   1.01436624192693     
 Uslp -1.065154441492741E-015
 process           1 over
 process           2 over
 process           3 over
 process           4 over
 process           5 over
 process           6 over
 process           7 over
 process           8 over
 process           9 over
 process          10 over
 process          11 over
 process          12 over
 process          13 over
 process          14 over
 process          15 over
 process          16 over
 process          17 over
 process          18 over
 process          19 over
 process          20 over
 process          21 over
 process          22 over
 process          23 over
 process          24 over
 process          25 over
 process          26 over
 process          27 over
 process          28 over
 process          29 over
 process          30 over
 process          31 over
 process          32 over
 process          33 over
 process          34 over
 process          35 over
 process          36 over
 process          37 over
 process          38 over
 process          39 over
 process           0 over
 
 ---------------LITTLE HARSH---------------
          'That wasn't that harsh'         
 ------------------------------------------
 
[CubeW] src/cubew/cubew_tar_writing.c:365: warning: Cannot open tared cube file /rds/user/ld751/hpc-work/single_block/single_block_clean/RNL_single_block_clean_new_plane/./scorep_littleharsh_40_sum/profile.cubex. 

The following error occurred: No such file or directory
[CubeW] src/cubew/cubew_tar_writing.c:367: warning: Return NULL.

[cpu-r-67:17312:0:17312] Caught signal 11 (Segmentation fault: address not mapped to object at address (nil))
==== backtrace (tid:  17312) ====
 0  /usr/local/software/spack/csd3/opt-2024-06-01/linux-rocky8-x86_64_v4/gcc-8.5.0/ucx-1.15.0-3odtpik4wnhzdj6fgnc5ujwcmmnx4yjl/lib/libucs.so.0(ucs_handle_error+0x294) [0x15534a7467a4]
 1  /usr/local/software/spack/csd3/opt-2024-06-01/linux-rocky8-x86_64_v4/gcc-8.5.0/ucx-1.15.0-3odtpik4wnhzdj6fgnc5ujwcmmnx4yjl/lib/libucs.so.0(+0x2d964) [0x15534a746964]
 2  /usr/local/software/spack/csd3/opt-2024-06-01/linux-rocky8-x86_64_v4/gcc-8.5.0/ucx-1.15.0-3odtpik4wnhzdj6fgnc5ujwcmmnx4yjl/lib/libucs.so.0(+0x2dc08) [0x15534a746c08]
 3  /lib64/libc.so.6(ftell+0x5) [0x1554a2660955]
 4  /usr/local/software/spack/spack-views/rocky8-icelake-20220710/cubew-4.8/intel-2021.6.0/5chsnzwsocs4vbukt6wrqckiolob2hkq/lib/libcube4w.so.12(cube_report_misc_data_start+0x61) [0x1554a5980011]
 5  /usr/local/software/spack/spack-views/rocky8-icelake-20220710/cubew-4.8/intel-2021.6.0/5chsnzwsocs4vbukt6wrqckiolob2hkq/lib/libcube4w.so.12(cube_write_misc_data+0x1f) [0x1554a597605f]
 6  /usr/local/software/spack/spack-views/rocky8-icelake-20220710/scorep-8.0/intel-2021.6.0/intel-oneapi-mpi-2021.6.0/wsx7txgwyu4olhanzpqd5v4bfjgaebsv/lib/libscorep_measurement.so.11(scorep_profile_write_cube4+0x5bc) [0x1554a71feb9c]
 7  /usr/local/software/spack/spack-views/rocky8-icelake-20220710/scorep-8.0/intel-2021.6.0/intel-oneapi-mpi-2021.6.0/wsx7txgwyu4olhanzpqd5v4bfjgaebsv/lib/libscorep_measurement.so.11(SCOREP_Substrates_WriteData+0x39) [0x1554a720d019]
 8  /usr/local/software/spack/spack-views/rocky8-icelake-20220710/scorep-8.0/intel-2021.6.0/intel-oneapi-mpi-2021.6.0/wsx7txgwyu4olhanzpqd5v4bfjgaebsv/lib/libscorep_measurement.so.11(+0x260cd) [0x1554a71c80cd]
 9  /lib64/libc.so.6(+0x50ccc) [0x1554a262accc]
10  /lib64/libc.so.6(on_exit+0) [0x1554a262ae00]
11  /lib64/libc.so.6(__libc_start_main+0xec) [0x1554a26147ec]
12  ./littleharsh() [0x40b0ee]
=================================
forrtl: severe (174): SIGSEGV, segmentation fault occurred
Image              PC                Routine            Line        Source             
littleharsh        00000000004DADDA  for__signal_handl     Unknown  Unknown
libpthread-2.28.s  00001554A29C3990  Unknown               Unknown  Unknown
libc-2.28.so       00001554A2660955  ftell                 Unknown  Unknown
libcube4w.so.12.0  00001554A5980011  cube_report_misc_     Unknown  Unknown
libcube4w.so.12.0  00001554A597605F  cube_write_misc_d     Unknown  Unknown
libscorep_measure  00001554A71FEB9C  scorep_profile_wr     Unknown  Unknown
libscorep_measure  00001554A720D019  SCOREP_Substrates     Unknown  Unknown
libscorep_measure  00001554A71C80CD  Unknown               Unknown  Unknown
libc-2.28.so       00001554A262ACCC  Unknown               Unknown  Unknown
libc-2.28.so       00001554A262AE00  on_exit               Unknown  Unknown
libc-2.28.so       00001554A26147EC  __libc_start_main     Unknown  Unknown
littleharsh        000000000040B0EE  Unknown               Unknown  Unknown

===================================================================================
=   BAD TERMINATION OF ONE OF YOUR APPLICATION PROCESSES
=   RANK 1 PID 17313 RUNNING AT cpu-r-67
=   KILLED BY SIGNAL: 9 (Killed)
===================================================================================

===================================================================================
=   BAD TERMINATION OF ONE OF YOUR APPLICATION PROCESSES
=   RANK 2 PID 17314 RUNNING AT cpu-r-67
=   KILLED BY SIGNAL: 9 (Killed)
===================================================================================

===================================================================================
=   BAD TERMINATION OF ONE OF YOUR APPLICATION PROCESSES
=   RANK 3 PID 17315 RUNNING AT cpu-r-67
=   KILLED BY SIGNAL: 9 (Killed)
===================================================================================

===================================================================================
=   BAD TERMINATION OF ONE OF YOUR APPLICATION PROCESSES
=   RANK 4 PID 17316 RUNNING AT cpu-r-67
=   KILLED BY SIGNAL: 9 (Killed)
===================================================================================

===================================================================================
=   BAD TERMINATION OF ONE OF YOUR APPLICATION PROCESSES
=   RANK 5 PID 17317 RUNNING AT cpu-r-67
=   KILLED BY SIGNAL: 9 (Killed)
===================================================================================

===================================================================================
=   BAD TERMINATION OF ONE OF YOUR APPLICATION PROCESSES
=   RANK 6 PID 17318 RUNNING AT cpu-r-67
=   KILLED BY SIGNAL: 9 (Killed)
===================================================================================

===================================================================================
=   BAD TERMINATION OF ONE OF YOUR APPLICATION PROCESSES
=   RANK 7 PID 17319 RUNNING AT cpu-r-67
=   KILLED BY SIGNAL: 9 (Killed)
===================================================================================

===================================================================================
=   BAD TERMINATION OF ONE OF YOUR APPLICATION PROCESSES
=   RANK 8 PID 17320 RUNNING AT cpu-r-67
=   KILLED BY SIGNAL: 9 (Killed)
===================================================================================

===================================================================================
=   BAD TERMINATION OF ONE OF YOUR APPLICATION PROCESSES
=   RANK 9 PID 17321 RUNNING AT cpu-r-67
=   KILLED BY SIGNAL: 9 (Killed)
===================================================================================

===================================================================================
=   BAD TERMINATION OF ONE OF YOUR APPLICATION PROCESSES
=   RANK 10 PID 17322 RUNNING AT cpu-r-67
=   KILLED BY SIGNAL: 9 (Killed)
===================================================================================

===================================================================================
=   BAD TERMINATION OF ONE OF YOUR APPLICATION PROCESSES
=   RANK 11 PID 17323 RUNNING AT cpu-r-67
=   KILLED BY SIGNAL: 9 (Killed)
===================================================================================

===================================================================================
=   BAD TERMINATION OF ONE OF YOUR APPLICATION PROCESSES
=   RANK 12 PID 17324 RUNNING AT cpu-r-67
=   KILLED BY SIGNAL: 9 (Killed)
===================================================================================

===================================================================================
=   BAD TERMINATION OF ONE OF YOUR APPLICATION PROCESSES
=   RANK 13 PID 17325 RUNNING AT cpu-r-67
=   KILLED BY SIGNAL: 9 (Killed)
===================================================================================

===================================================================================
=   BAD TERMINATION OF ONE OF YOUR APPLICATION PROCESSES
=   RANK 14 PID 17326 RUNNING AT cpu-r-67
=   KILLED BY SIGNAL: 9 (Killed)
===================================================================================

===================================================================================
=   BAD TERMINATION OF ONE OF YOUR APPLICATION PROCESSES
=   RANK 15 PID 17327 RUNNING AT cpu-r-67
=   KILLED BY SIGNAL: 9 (Killed)
===================================================================================

===================================================================================
=   BAD TERMINATION OF ONE OF YOUR APPLICATION PROCESSES
=   RANK 16 PID 17328 RUNNING AT cpu-r-67
=   KILLED BY SIGNAL: 9 (Killed)
===================================================================================

===================================================================================
=   BAD TERMINATION OF ONE OF YOUR APPLICATION PROCESSES
=   RANK 17 PID 17329 RUNNING AT cpu-r-67
=   KILLED BY SIGNAL: 9 (Killed)
===================================================================================

===================================================================================
=   BAD TERMINATION OF ONE OF YOUR APPLICATION PROCESSES
=   RANK 18 PID 17330 RUNNING AT cpu-r-67
=   KILLED BY SIGNAL: 9 (Killed)
===================================================================================

===================================================================================
=   BAD TERMINATION OF ONE OF YOUR APPLICATION PROCESSES
=   RANK 19 PID 17331 RUNNING AT cpu-r-67
=   KILLED BY SIGNAL: 9 (Killed)
===================================================================================

===================================================================================
=   BAD TERMINATION OF ONE OF YOUR APPLICATION PROCESSES
=   RANK 20 PID 17332 RUNNING AT cpu-r-67
=   KILLED BY SIGNAL: 9 (Killed)
===================================================================================

===================================================================================
=   BAD TERMINATION OF ONE OF YOUR APPLICATION PROCESSES
=   RANK 21 PID 17333 RUNNING AT cpu-r-67
=   KILLED BY SIGNAL: 9 (Killed)
===================================================================================

===================================================================================
=   BAD TERMINATION OF ONE OF YOUR APPLICATION PROCESSES
=   RANK 22 PID 17334 RUNNING AT cpu-r-67
=   KILLED BY SIGNAL: 9 (Killed)
===================================================================================

===================================================================================
=   BAD TERMINATION OF ONE OF YOUR APPLICATION PROCESSES
=   RANK 23 PID 17335 RUNNING AT cpu-r-67
=   KILLED BY SIGNAL: 9 (Killed)
===================================================================================

===================================================================================
=   BAD TERMINATION OF ONE OF YOUR APPLICATION PROCESSES
=   RANK 24 PID 17336 RUNNING AT cpu-r-67
=   KILLED BY SIGNAL: 9 (Killed)
===================================================================================

===================================================================================
=   BAD TERMINATION OF ONE OF YOUR APPLICATION PROCESSES
=   RANK 25 PID 17337 RUNNING AT cpu-r-67
=   KILLED BY SIGNAL: 9 (Killed)
===================================================================================

===================================================================================
=   BAD TERMINATION OF ONE OF YOUR APPLICATION PROCESSES
=   RANK 26 PID 17338 RUNNING AT cpu-r-67
=   KILLED BY SIGNAL: 9 (Killed)
===================================================================================

===================================================================================
=   BAD TERMINATION OF ONE OF YOUR APPLICATION PROCESSES
=   RANK 27 PID 17339 RUNNING AT cpu-r-67
=   KILLED BY SIGNAL: 9 (Killed)
===================================================================================

===================================================================================
=   BAD TERMINATION OF ONE OF YOUR APPLICATION PROCESSES
=   RANK 28 PID 17340 RUNNING AT cpu-r-67
=   KILLED BY SIGNAL: 9 (Killed)
===================================================================================

===================================================================================
=   BAD TERMINATION OF ONE OF YOUR APPLICATION PROCESSES
=   RANK 29 PID 17341 RUNNING AT cpu-r-67
=   KILLED BY SIGNAL: 9 (Killed)
===================================================================================

===================================================================================
=   BAD TERMINATION OF ONE OF YOUR APPLICATION PROCESSES
=   RANK 30 PID 17342 RUNNING AT cpu-r-67
=   KILLED BY SIGNAL: 9 (Killed)
===================================================================================

===================================================================================
=   BAD TERMINATION OF ONE OF YOUR APPLICATION PROCESSES
=   RANK 31 PID 17343 RUNNING AT cpu-r-67
=   KILLED BY SIGNAL: 9 (Killed)
===================================================================================

===================================================================================
=   BAD TERMINATION OF ONE OF YOUR APPLICATION PROCESSES
=   RANK 32 PID 17344 RUNNING AT cpu-r-67
=   KILLED BY SIGNAL: 9 (Killed)
===================================================================================

===================================================================================
=   BAD TERMINATION OF ONE OF YOUR APPLICATION PROCESSES
=   RANK 33 PID 17345 RUNNING AT cpu-r-67
=   KILLED BY SIGNAL: 9 (Killed)
===================================================================================

===================================================================================
=   BAD TERMINATION OF ONE OF YOUR APPLICATION PROCESSES
=   RANK 34 PID 17346 RUNNING AT cpu-r-67
=   KILLED BY SIGNAL: 9 (Killed)
===================================================================================

===================================================================================
=   BAD TERMINATION OF ONE OF YOUR APPLICATION PROCESSES
=   RANK 35 PID 17347 RUNNING AT cpu-r-67
=   KILLED BY SIGNAL: 9 (Killed)
===================================================================================

===================================================================================
=   BAD TERMINATION OF ONE OF YOUR APPLICATION PROCESSES
=   RANK 36 PID 17348 RUNNING AT cpu-r-67
=   KILLED BY SIGNAL: 9 (Killed)
===================================================================================

===================================================================================
=   BAD TERMINATION OF ONE OF YOUR APPLICATION PROCESSES
=   RANK 37 PID 17349 RUNNING AT cpu-r-67
=   KILLED BY SIGNAL: 9 (Killed)
===================================================================================

===================================================================================
=   BAD TERMINATION OF ONE OF YOUR APPLICATION PROCESSES
=   RANK 38 PID 17350 RUNNING AT cpu-r-67
=   KILLED BY SIGNAL: 9 (Killed)
===================================================================================

===================================================================================
=   BAD TERMINATION OF ONE OF YOUR APPLICATION PROCESSES
=   RANK 39 PID 17351 RUNNING AT cpu-r-67
=   KILLED BY SIGNAL: 9 (Killed)
===================================================================================
S=C=A=N: Tue Jan 27 17:39:17 2026: Collect done (status=1) 24325s
Abort: missing experiment archive ./scorep_littleharsh_40_sum
